id,severity,module,title,disposition,files,test_evidence,notes,part
PRC-M160,medium,assessment,"Any staff role can write/delete everything; no subject/class ownership, no read-vs-write or approval separation",OPEN,,No new test added this part,No resource-level teacher->subject/class ownership scoping added; large RBAC redesign (approval separation) deferred. Not addressed in this part (scope/time); carried forward at its re-audit status. Root cause unchanged from the re-audit evidence.,p3a_academic
PRC-M166,medium,assessment,"Report-card generation: bulk runs inline in the request (500 PDFs), artifacts default to local tmpdir, no de-dup",PARTIAL,,No new test added this part,Durable queue path + artifactStore already wired (H039). Inline bulk N-cap + idempotency key on job create not added this part. Not addressed in this part (scope/time); carried forward at its re-audit status. Root cause unchanged from the re-audit evidence.,p3a_academic
PRC-M169,medium,attendance,"Attendance config and absence-threshold are stubs returning null in Postgres mode; recording-mode, leave-type and alert rules never run",OPEN,,No new test added this part,Attendance config/threshold/leave-type tables + 501-unconfigured surfacing require new migrations in a different module scope; not done. Not addressed in this part (scope/time); carried forward at its re-audit status. Root cause unchanged from the re-audit evidence.,p3a_academic
PRC-M172,medium,attendance,Any teacher can write attendance for any class and any staff member; no assignment/ownership scoping,OPEN,,No new test added this part,Teacher->class ownership scoping + separate attendance.staff.write role not added (RBAC redesign). Not addressed in this part (scope/time); carried forward at its re-audit status. Root cause unchanged from the re-audit evidence.,p3a_academic
PRC-M173,medium,attendance,"Leave approval marks unbounded weekday range EXCUSED, incl. future dates, other periods and existing PRESENT rows",OPEN,,No new test added this part,Leave-approval range cap/academic-period bound/holiday-calendar not added. Not addressed in this part (scope/time); carried forward at its re-audit status. Root cause unchanged from the re-audit evidence.,p3a_academic
PRC-M194,medium,curriculum,"Curriculum write access is role-only: any teacher can edit/delete any subject's units, lesson plans,",OPEN,,No new test added this part,Curriculum teacher->subject/section ownership scoping not added (RBAC redesign). Not addressed in this part (scope/time); carried forward at its re-audit status. Root cause unchanged from the re-audit evidence.,p3a_academic
PRC-M229,medium,examination,PgExamOpsStore.appendAudit/listAudits are no-ops; ops audit lives only in an unbounded in-process array,OPEN,,No new test added this part,PgExamOpsStore.appendAudit/listAudits persistence (exam_ops_audit table + hash-chain) not implemented; needs a new migration + store work. Not addressed in this part (scope/time); carried forward at its re-audit status. Root cause unchanged from the re-audit evidence.,p3a_academic
PRC-M231,medium,examination,Room/invigilator clash detection is tenant-wide on free-text roomId and loads every session/assignment per request,OPEN,,No new test added this part,Clash detection centre/room-normalised scoping + exclusion constraint + non-full-load not implemented. Not addressed in this part (scope/time); carried forward at its re-audit status. Root cause unchanged from the re-audit evidence.,p3a_academic
PRC-M232,medium,examination,Two independent session sources: examination.sessions JSONB (used for admit cards) vs exam_sessions table (used for clash checks),OPEN,,No new test added this part,Dual session-source unification (JSONB vs exam_sessions) not implemented; cross-cutting. Not addressed in this part (scope/time); carried forward at its re-audit status. Root cause unchanged from the re-audit evidence.,p3a_academic
PRC-M233,medium,examination,Examination status can be set to any value via PUT (no transition machine); COMPLETED/IN_PROGRESS reachable from DRAFT,FULLY_CLOSED,packages/backend/examination/src/examination-service.ts,examination-service.test.ts: illegal DRAFT->COMPLETED rejected; legal path allowed; same-status no-op,Added EXAMINATION_STATUS_TRANSITIONS machine enforced on update(status).,p3a_academic
PRC-M234,medium,examination,Eligibility check is fail-open in Postgres mode: prerequisite completion is skipped because completedSubjectCodes is always null,OPEN,,No new test added this part,Eligibility fail-open in Postgres mode: no transcript source wired / eligibility_unverified flag not added. Not addressed in this part (scope/time); carried forward at its re-audit status. Root cause unchanged from the re-audit evidence.,p3a_academic
PRC-M237,medium,examination,"Domain role vocabulary does not exist in the IdP: exam-officer roles and 'moderator' can never be granted, effectively admin/principal only",OPEN,,No new test added this part,exam-officer/moderator role vocabulary alignment to Keycloak realm/rbac registry not done (needs realm + registry change outside module). Not addressed in this part (scope/time); carried forward at its re-audit status. Root cause unchanged from the re-audit evidence.,p3a_academic
PRC-M241,medium,examination,List endpoint ignores schema bounds: pageSize/page/sortBy/status unvalidated,FULLY_CLOSED,"packages/backend/examination/src/routes.ts, schemas.ts","routes.test.ts: pageSize=1e6 ->400, page=-5 ->400, status=NOPE ->400",List querystring validated via schema (convert:true); status/sortBy/sortOrder converted to enforced TypeBox unions.,p3a_academic
PRC-M242,medium,examination,"Seating generator ignores centre/room capacity, sessions and roll-number numeric order",FULLY_CLOSED,packages/backend/examination/src/seating-generator.ts,seating-order.test.ts: R2 seated before R10 (numeric),Roll-number sort now uses localeCompare numeric:true. Capacity/per-session seating + adjacency remain future work (noted).,p3a_academic
PRC-M243,medium,examination,Result GET handlers return full gradeResults/incompleteRecords arrays unpaginated; recordMarks does per-tenant full scans,OPEN,,No new test added this part,Result GET pagination/streaming + recordMarks full-scan removal not implemented. Not addressed in this part (scope/time); carried forward at its re-audit status. Root cause unchanged from the re-audit evidence.,p3a_academic
PRC-M268,medium,gradebook,GPA uses all grade entries regardless of period and workflow status; academicPeriodId is only stored; class-rank term GPA equals cumulative GPA,OPEN,,No new test added this part,GPA period/workflow-status filtering + grading-scale-driven policy + term!=cumulative rank not implemented. Not addressed in this part (scope/time); carried forward at its re-audit status. Root cause unchanged from the re-audit evidence.,p3a_academic
PRC-M295,medium,lms,Quiz submission mutates PAL mastery before the submission insert; duplicates/failures double-count,OPEN,,No new test added this part,Quiz-submit PAL single-tx/submission-first + idempotency not implemented. Not addressed in this part (scope/time); carried forward at its re-audit status. Root cause unchanged from the re-audit evidence.,p3a_academic
PRC-M296,medium,lms,Re-grading applies PAL attempts again every time; grade() has no state/idempotency guard,OPEN,,No new test added this part,grade() PAL idempotency/first-transition guard not implemented. Not addressed in this part (scope/time); carried forward at its re-audit status. Root cause unchanged from the re-audit evidence.,p3a_academic
PRC-M297,medium,lms,MCQ without correctOptionIndex is stored as -1 so every answer is wrong; bank payload never validated per type,FULLY_CLOSED,packages/backend/lms/src/lms-service.ts,lms-scope-fence.test.ts: MCQ without correctOptionIndex ->400; with index accepted,correctOptionIndex now required for MCQ (fail closed) instead of defaulting to 0 for range check then storing -1.,p3a_academic
PRC-M298,medium,lms,"Board/school scope filters only applied when caller passes institutionId; school-bound users list other schools' rows for skills, bank, rubrics, content, lessons, discussions",FULLY_CLOSED,"packages/backend/lms/src/lms-service.ts, lms-repository.ts, pg-lms-repository.ts, in-memory-repository.ts",lms-scope-fence.test.ts: school-bound caller with no institutionId no longer sees other schools' skills/content,Added server-derived allowedInstitutionIds fence applied in scopeConditions + matchesScope for skills/assignments/bank/rubrics/content/lessons; getContentItem/getLesson scope-checked. Discussions use classKey (not scope rows).,p3a_academic
PRC-M299,medium,lms,Learner submit/upload/discussion have no enrolment or section membership check,OPEN,,No new test added this part,Learner enrolment/section-membership checks on submit/upload/discussion not implemented (needs SIS enrolment source). Not addressed in this part (scope/time); carried forward at its re-audit status. Root cause unchanged from the re-audit evidence.,p3a_academic
PRC-M300,medium,lms,"Assignment create/update is non-atomic across assignment row, questions and status; editing questions of a published quiz orphans submissions",OPEN,,No new test added this part,Atomic assignment+questions tx + submission-exists guard not implemented. Not addressed in this part (scope/time); carried forward at its re-audit status. Root cause unchanged from the re-audit evidence.,p3a_academic
PRC-M301,medium,lms,timeLimitMinutes and dueAt are stored but time limits are never enforced; essay-pending score not scaled,OPEN,,No new test added this part,Time-limit enforcement (attempt-start table) + consistent essay-pending scaling not implemented. Not addressed in this part (scope/time); carried forward at its re-audit status. Root cause unchanged from the re-audit evidence.,p3a_academic
PRC-M302,medium,lms,Class analytics presents stubbed roster/missing-student data as real and truncates silently,OPEN,,No new test added this part,Class analytics real roster from SIS + truncation flag not implemented. Not addressed in this part (scope/time); carried forward at its re-audit status. Root cause unchanged from the re-audit evidence.,p3a_academic
PRC-M303,medium,lms,Storage adapter failure silently falls back to ephemeral local disk (tmpdir) for student files,OPEN,,No new test added this part,LMS file-store prod fail-closed on adapter failure not implemented. Not addressed in this part (scope/time); carried forward at its re-audit status. Root cause unchanged from the re-audit evidence.,p3a_academic
PRC-M304,medium,lms,"Module endpoints skip service-level authorisation, institution scoping and existence checks",FULLY_CLOSED,"packages/backend/lms/src/lms-service.ts, routes.ts",lms-scope-fence.test.ts: learner createModule ->403; unpublished hidden from learners/other schools; dangling itemId ->400,createModule/addModuleItem now require canAuthor + institution scope + item-existence; listModules/listModuleItems fence scope and hide unpublished from learners.,p3a_academic
PRC-M305,medium,lms,"Academic rollover clone drops quiz questions/rubrics, is not idempotent and caps at 500",OPEN,,No new test added this part,Rollover clone of questions/rubrics + idempotency + no-silent-cap not implemented. Not addressed in this part (scope/time); carried forward at its re-audit status. Root cause unchanged from the re-audit evidence.,p3a_academic
PRC-M338,medium,report,Scheduled-report recipients are never delivered anything: plugin wires an in-memory delivery port but counts them as 'delivered',OPEN,,No new test added this part,Real delivery adapter wiring (email/notification) not implemented; InMemory delivery remains. Not addressed in this part (scope/time); carried forward at its re-audit status. Root cause unchanged from the re-audit evidence.,p3a_academic
PRC-M339,medium,report,"Scheduler claim/update runs under platform scope but RLS only permits platform_admin SELECT, so UPDATE claims likely match zero rows",FULLY_CLOSED,"db/sql/150_report_schedules_platform_claim_policy.sql, packages/backend/report/src/pg-report-store.ts","Live Docker Postgres (postgres:16-alpine, non-BYPASSRLS role): UPDATE under platform scope matched 0 rows BEFORE 150, 1 row AFTER 150",Added PERMISSIVE FOR UPDATE platform policy on report_schedules so claimDueSchedules leases rows under platform scope.,p3a_academic
PRC-M343,medium,report,exam_results provider does SELECT * from guessed tables and emits the first 6 arbitrary columns; none of the tables exist in db/sql,PARTIAL,,No new test added this part,Demo fallback already gated behind env (prod returns empty). Binding to real exam_marks_entries with explicit columns not done. Not addressed in this part (scope/time); carried forward at its re-audit status. Root cause unchanged from the re-audit evidence.,p3a_academic
PRC-M346,medium,report,Scheduler: all due schedules are leased at once and processed sequentially; lease shorter than batch can cause duplicate runs; failures swallowed without logging,FULLY_CLOSED,"packages/backend/report/src/catalogue-service.ts, pg-report-store.ts, report-store.ts",catalogue-service.test.ts: batch-limit caps claim to 2; failure logged (not swallowed),"Added REPORT_SCHEDULE_TICK_BATCH=50 limit (SQL LIMIT + in-mem cap, ordered by next_run_at) and an injectable logger so swallowed failures are recorded.",p3a_academic
PRC-M347,medium,scholarship,Required-document control bypassable via client-declared JSON documents (no file needed),FULLY_CLOSED,packages/backend/scholarship/src/scholarship-service.ts,scholarship-service.test.ts: finalizeDraft with JSON-only docs -> ValidationError; with uploaded types -> submitted,"finalizeDraft now counts only actually-uploaded (not-REJECTED) document types, not client-declared JSON documents. Direct-submit inline-documents path unchanged (see notes/OPEN below).",p3a_academic
PRC-M348,medium,scholarship,Programme eligibility criteria are stored but never enforced at submit or approve,OPEN,,No new test added this part,Programme eligibility (minGPA/maxAge/gender/institution) evaluateEligibility at submit/approve not implemented. Not addressed in this part (scope/time); carried forward at its re-audit status. Root cause unchanged from the re-audit evidence.,p3a_academic
PRC-M349,medium,scholarship,"Application dates use UTC ""today""; GPA capped at 4.0 and currency defaults to USD for an Indian depl",OPEN,,No new test added this part,"UTC-today -> IST, USD->INR default, GPA 0-10 cap are product-config decisions touching many tests; left for a product-decision change to avoid weakening existing currency/GPA tests. Not addressed in this part (scope/time); carried forward at its re-audit status. Root cause unchanged from the re-audit evidence.",p3a_academic
PRC-M350,medium,scholarship,"Workflow engine is never wired: approval routing (Req 11.3) silently absent, failures swallowed",OPEN,,No new test added this part,Workflow engine wiring (approval routing Req 11.3) + shared parent/staff service not implemented; swallow-catch remains. Not addressed in this part (scope/time); carried forward at its re-audit status. Root cause unchanged from the re-audit evidence.,p3a_academic
PRC-M351,medium,scholarship,"List/report endpoints do not use the query schema: unbounded pageSize, negative page, invalid UUID/d",FULLY_CLOSED,packages/backend/scholarship/src/routes.ts,"routes.test.ts: programs list pageSize=1e6 ->400, page=-5 ->400","Both programs + applications list routes now validate the query via ScholarshipListQuerySchema (convert:true). Non-UUID filter 500s remain (separate concern, noted).",p3a_academic
PRC-M355,medium,scholarship,Blob store silently falls back to local/tmp disk (also on S3 init failure); no scanning; no per-app ,OPEN,,No new test added this part,Scholarship blob store prod fail-closed + AV scan + per-app cap not implemented. Not addressed in this part (scope/time); carried forward at its re-audit status. Root cause unchanged from the re-audit evidence.,p3a_academic
PRC-M396,medium,timetable,"Meeting clash check runs against client-supplied institutionId, so it can be bypassed; check-then-insert is not atomic and DB has no teacher/room exclusion",PARTIAL,,No new test added this part,Clash check present but still uses client institutionId; DB teacher/room exclusion index + atomic check-insert (advisory lock) not added. Not addressed in this part (scope/time); carried forward at its re-audit status. Root cause unchanged from the re-audit evidence.,p3a_academic
PRC-M400,medium,timetable,Timetable subject is silently dropped by the PG repository (subjectId always null),OPEN,,No new test added this part,section_meetings subject_id column + persist/map not added (needs migration + repo change). Not addressed in this part (scope/time); carried forward at its re-audit status. Root cause unchanged from the re-audit evidence.,p3a_academic
PRC-M407,medium,timetable,List endpoints are unbounded (no limit/pagination) and substitutions list has no soft-delete/status filter,PARTIAL,,No new test added this part,Some clash narrowing present; list pagination/cursor + substitutions soft-delete/status filter not added. Not addressed in this part (scope/time); carried forward at its re-audit status. Root cause unchanged from the re-audit evidence.,p3a_academic
PRC-M495,medium,assessment,"No audit events for grade entry, scheme/item changes, or report-card generation/download",PARTIAL,,No new test added this part,Gateway onSend mutation audit exists; domain before/after score audit + report-card download read-audit not added. Not addressed in this part (scope/time); carried forward at its re-audit status. Root cause unchanged from the re-audit evidence.,p3a_academic
PRC-M496,medium,attendance,"Attendance date validation: invalid calendar dates pass, and 'today' is computed in UTC not institution time",PARTIAL,,No new test added this part,Device-punch tz fixed (H041); strict calendar-date parse + non-UTC 'today' + back-dating window for core student attendance not added. Not addressed in this part (scope/time); carried forward at its re-audit status. Root cause unchanged from the re-audit evidence.,p3a_academic
PRC-M509,medium,examination,PgExamOpsStore.appendAudit is a no-op; exam marks/re-evaluation audit is discarded,OPEN,,No new test added this part,Same code path as M229: exam ops audit persistence not implemented. Not addressed in this part (scope/time); carried forward at its re-audit status. Root cause unchanged from the re-audit evidence.,p3a_academic
PRC-M510,medium,examination,Admit cards print student UUID as name and candidate id as roll number; cards silently omit registered students once any marks exist,PARTIAL,,No new test added this part,Student name enrichment + registration merge done (H056). Stable roll-number source still absent (rollNumber=candidate.id). Not addressed in this part (scope/time); carried forward at its re-audit status. Root cause unchanged from the re-audit evidence.,p3a_academic
PRC-M514,medium,gradebook,Artifacts stored on local disk under hard-coded /opt/cursor paths; download accepts any '/tmp/' or 'sis-board-exports' substring path and reads synchronously,PARTIAL,,No new test added this part,Download path prefix-checked; object-storage durability + substring-path hardening + async read + prod fail-closed not done. Not addressed in this part (scope/time); carried forward at its re-audit status. Root cause unchanged from the re-audit evidence.,p3a_academic
PRC-M515,medium,gradebook,"Input validation gaps: ids not UUID-checked (Postgres 22P02 -> 500), unbounded/limited list queries, letter grades and score unrestricted",PARTIAL,,No new test added this part,Some validation + board-export LIMIT present; uuid-format query validation + /entries list LIMIT/cursor + letterGrade/score vs scale not added. Not addressed in this part (scope/time); carried forward at its re-audit status. Root cause unchanged from the re-audit evidence.,p3a_academic
PRC-M516,medium,gradebook,Export files: CSV formula injection and unescaped HTML from student names/IDs,FULLY_CLOSED,packages/backend/gradebook/src/board-export-generator.ts,board-export-injection.test.ts pass,"Board-export (highest-impact, minors' national IDs) CSV formula injection + HTML escaping fixed; transcript/report-card were already done.",p3a_academic
PRC-M527,medium,lms,"No audit events anywhere in LMS: grades, rubric scores, deletes, publish/close, file downloads",PARTIAL,,No new test added this part,Gateway mutation audit exists; LMS domain before/after audit + file-download audit + fail-closed sensitive-resource listing not added. Not addressed in this part (scope/time); carried forward at its re-audit status. Root cause unchanged from the re-audit evidence.,p3a_academic
PRC-M528,medium,lms,Uploads trust client-declared MIME; download echoes unsanitised filename in Content-Disposition; lesson/content paths skip error mapping,PARTIAL,,No new test added this part,MIME allow-list + attachment serving present; RFC5987 Content-Disposition + magic-byte sniff + lesson url constraint + X-Content-Type-Options not added. Not addressed in this part (scope/time); carried forward at its re-audit status. Root cause unchanged from the re-audit evidence.,p3a_academic
PRC-M539,medium,scholarship,Document delete/verify/reject not bound to :id application (in-tenant IDOR),PARTIAL,,No new test added this part,"remove() IDOR fixed. decide()/verify()/reject() still not bound to route :id application (reviewer-only, lower impact). Not addressed in this part (scope/time); carried forward at its re-audit status. Root cause unchanged from the re-audit evidence.",p3a_academic
PRC-M540,medium,scholarship,Programme update can drop totalSlots below usedSlots; usedSlots and status freely writable via merge,PARTIAL,,No new test added this part,approve race fixed (H083). updateProgram totalSlots>=usedSlots guard + status transition rules not added. Not addressed in this part (scope/time); carried forward at its re-audit status. Root cause unchanged from the re-audit evidence.,p3a_academic
PRC-M549,medium,timetable,"POST /timetable/clone-period has no role check, no validation and no institution scope",PARTIAL,,No new test added this part,clone-period RBAC+UUID validation present. cloneForAcademicPeriod still lists ALL institutions (no institution scope). Not addressed in this part (scope/time); carried forward at its re-audit status. Root cause unchanged from the re-audit evidence.,p3a_academic
PRC-M550,medium,timetable,"Generation persistMeetings is non-atomic, silently skips clashes, and ignores pre-existing bookings/inactive rooms",PARTIAL,,No new test added this part,persistSkipped stats + clash-at-persist present. Generator-seeded-with-existing + atomic persist + room status=active filter not added. Not addressed in this part (scope/time); carried forward at its re-audit status. Root cause unchanged from the re-audit evidence.,p3a_academic
PRC-M583,medium,assessment,RBAC and tenant-isolation tests cover only grading routes; Prisma repositories have no live tenant-isolation test,PARTIAL,,No new test added this part,RBAC/route tests present; executed live two-tenant Prisma isolation test without DB not added (DB-gated test exists). Not addressed in this part (scope/time); carried forward at its re-audit status. Root cause unchanged from the re-audit evidence.,p3a_academic
PRC-M620,medium,examination,"No cross-tenant or learner-role negative tests for results, documents and ops services; PG-backed tests skip without a DB",PARTIAL,,No new test added this part,Negative RBAC tests added previously; PG-backed cross-tenant result/doc/ops tests skip without DATABASE_URL. Not addressed in this part (scope/time); carried forward at its re-audit status. Root cause unchanged from the re-audit evidence.,p3a_academic
PRC-M621,medium,examination,"Standalone server boots with in-memory repositories only and always-ready /ready, with no auth or tenant plugin",PARTIAL,,No new test added this part,Writes fail closed; standalone server still InMemory + static /ready (not migrated to factories/auth). Not addressed in this part (scope/time); carried forward at its re-audit status. Root cause unchanged from the re-audit evidence.,p3a_academic
PRC-M631,medium,report,"Critical paths untested: real PG store/RLS, role-based artifact access, delivery, cross-user access",PARTIAL,,No new test added this part,In-memory delivery/artifact tests exist; PgReportStore/RLS integration + gateway role-matrix artifact-access tests not added (M339 now proven live separately). Not addressed in this part (scope/time); carried forward at its re-audit status. Root cause unchanged from the re-audit evidence.,p3a_academic
PRC-M632,medium,scholarship,"Critical paths untested: document IDOR, concurrency, transitions, real-DB tenancy; PG test skipped w",PARTIAL,,No new test added this part,"Some in-memory tenancy + document tests exist; verify/reject IDOR, approve concurrency, disbursement-transition, real-DB RLS tests not added. Not addressed in this part (scope/time); carried forward at its re-audit status. Root cause unchanged from the re-audit evidence.",p3a_academic
PRC-L079,low,assessment,"Bulk import endpoint bypasses schema validation (no UUID checks, no size limit besides post-hoc count)",PARTIAL,,No new test added this part,Row-by-row validation exists; TypeBox body schema (uuid/maxItems) + route bodyLimit not added. Not addressed in this part (scope/time); carried forward at its re-audit status. Root cause unchanged from the re-audit evidence.,p3a_academic
PRC-L080,low,assessment,Operator endpoint POST /report-cards/jobs/:id/process is open to every staff role (incl. teachers),FULLY_CLOSED,"packages/backend/assessment/src/assessment-access.ts, report-card-routes.ts","report-card-reprocess-authz.test.ts: teacher ->403, exam_officer not 403",Added isReportCardOperator (admin + exam_officer) gate on POST /report-cards/jobs/:id/process.,p3a_academic
PRC-L081,low,assessment,Unhandled DB errors surface as 500; template delete blocked by FK RESTRICT; list route ignores its schema,PARTIAL,,No new test added this part,FK in-use guards (409) exist; list route schema validation + template delete 23503->409 mapping not added. Not addressed in this part (scope/time); carried forward at its re-audit status. Root cause unchanged from the re-audit evidence.,p3a_academic
PRC-L082,low,assessment,Grading-scheme name uniqueness is check-then-insert with no DB unique constraint (race) and unique only via case-insensitive read,OPEN,,No new test added this part,"DB unique index on (tenant_id, lower(name)) + 23505->409 for grading scheme not added (needs migration). Not addressed in this part (scope/time); carried forward at its re-audit status. Root cause unchanged from the re-audit evidence.",p3a_academic
PRC-L083,low,assessment,Hook registration is duplicated per route group and formatting suggests bulk-injected code; response leaks internal storage key,FULLY_CLOSED,"packages/backend/assessment/src/report-card-routes.ts, report-card-schemas.ts",report-card-pdf.test.ts: response no longer contains the storage key; ready/downloadUrl asserted,"Removed raw internal artifact storage key (outputUrl) from the job HTTP response; replaced with ready flag + authenticated downloadUrl. Hook-per-route-group structure is a code-style nit, not a security issue, left as-is.",p3a_academic
PRC-L090,low,curriculum,Duplicate syllabus unit code surfaces as raw Postgres error (500) instead of 409; mark-taught retain,FULLY_CLOSED,packages/backend/curriculum/src/store.ts,curriculum.test.ts: duplicate unit code -> 409 ConflictError,"PG createUnit maps 23505 -> ConflictError; in-memory store mirrors the (tenant,subject,grade,period,code) uniqueness. Re-mark taught_at overwrite remains (noted).",p3a_academic
PRC-L112,low,gradebook,Transcript PDF omits student/institution name and course results; error text and helper mismatch,OPEN,,No new test added this part,Transcript PDF student/institution name + course rows + verification route not added. Not addressed in this part (scope/time); carried forward at its re-audit status. Root cause unchanged from the re-audit evidence.,p3a_academic
PRC-L132,low,lms,PAL practice attempts are self-reported by the learner and directly drive mastery,OPEN,,No new test added this part,PAL practice self-report server-issued item binding + rate limit not added. Not addressed in this part (scope/time); carried forward at its re-audit status. Root cause unchanged from the re-audit evidence.,p3a_academic
PRC-L143,low,report,"GET /runs is unbounded and does N+1 artifact lookups, each re-checking schema readiness and opening a tenant transaction",OPEN,,No new test added this part,GET /runs pagination + JOIN (remove N+1) not added. Not addressed in this part (scope/time); carried forward at its re-audit status. Root cause unchanged from the re-audit evidence.,p3a_academic
PRC-L144,low,report,Generate path is non-atomic: blob written before artifact row; run left 'running' or orphan blobs on partial failure; no idempotency,OPEN,,No new test added this part,Atomic generate + stale-run reaper + Idempotency-Key not added. Not addressed in this part (scope/time); carried forward at its re-audit status. Root cause unchanged from the re-audit evidence.,p3a_academic
PRC-L145,low,report,Monthly/next-run date math ignores tenant timezone and month overflow rule,OPEN,,No new test added this part,Scheduler tenant-timezone + monthly-31 overflow fix not added (next-run date math). Not addressed in this part (scope/time); carried forward at its re-audit status. Root cause unchanged from the re-audit evidence.,p3a_academic
PRC-L174,low,timetable,Role allow-list contains roles that do not exist in the gateway role registry and omits tenant/platform admin,OPEN,,No new test added this part,"timetable role allow-list alignment (dead roles, tenant/board/platform admin) not added. Not addressed in this part (scope/time); carried forward at its re-audit status. Root cause unchanged from the re-audit evidence.",p3a_academic
PRC-L175,low,timetable,teacher-absences/affected accepts unvalidated date; invalid date silently returns an empty list; absences ignore substitutions,OPEN,,No new test added this part,teacher-absences/affected calendar-date validation + substitution awareness not added. Not addressed in this part (scope/time); carried forward at its re-audit status. Root cause unchanged from the re-audit evidence.,p3a_academic
PRC-L274,low,assessment,Report-card PDFs and comments (student PII/minor data) are served with no per-student authorization or access log; no student/guardian access path,PARTIAL,,No new test added this part,Staff-only read gate exists (guardians fail closed); per-student/teacher-class scoping + download read-audit + self-service route not added. Not addressed in this part (scope/time); carried forward at its re-audit status. Root cause unchanged from the re-audit evidence.,p3a_academic
PRC-L275,low,attendance,"Percentage formula and roster logic diverge from stated rules (LATE=present, EXCUSED in denominator, roster ignores date, per-record counting)",PARTIAL,,No new test added this part,Percentage formula centralised; roster date/enrollment-window + day-level counting + subject/period passthrough not added. Not addressed in this part (scope/time); carried forward at its re-audit status. Root cause unchanged from the re-audit evidence.,p3a_academic
PRC-L276,low,attendance,Approver/writer role names include roles absent from the Keycloak realm; guardians cannot request leave,PARTIAL,,No new test added this part,Fails closed; realm role-vocabulary alignment + guardian own-child leave route not added. Not addressed in this part (scope/time); carried forward at its re-audit status. Root cause unchanged from the re-audit evidence.,p3a_academic
PRC-L277,low,attendance,"Ops request bodies weakly validated: attachmentUrl unrestricted, IDs not UUID, no size limits on bulk records",OPEN,,No new test added this part,"ops body validation (attachmentUrl scheme, UUID ids, bulk cap/dedup, status enum) not added. Not addressed in this part (scope/time); carried forward at its re-audit status. Root cause unchanged from the re-audit evidence.",p3a_academic
PRC-L278,low,attendance,"No HTTP-level tests for the attendance ops routes, the URL-to-action mapping, or cross-tenant isolation of ops store",PARTIAL,,No new test added this part,ingest + one 403 + static RLS coverage exist; HTTP role x action matrix + runtime cross-tenant PgAttendanceOpsStore test not added. Not addressed in this part (scope/time); carried forward at its re-audit status. Root cause unchanged from the re-audit evidence.,p3a_academic
PRC-L288,low,curriculum,"Curriculum PATCH bodies, :id params and list filters are unvalidated; bad input becomes 500 and fiel",PARTIAL,,No new test added this part,Create routes validated; PATCH body/:id/list-filter validation + COALESCE-clear + unitIds cap not added. Not addressed in this part (scope/time); carried forward at its re-audit status. Root cause unchanged from the re-audit evidence.,p3a_academic
PRC-L289,low,curriculum,"Curriculum references (subject/grade/period, outcome.unitId on update) are not verified or FK-constr",PARTIAL,,No new test added this part,grade_id FKs (071) + FORCE RLS present; updateOutcome ownership check + composite FK + subject/period verify not added. Not addressed in this part (scope/time); carried forward at its re-audit status. Root cause unchanged from the re-audit evidence.,p3a_academic
PRC-L310,low,gradebook,"Board-export download token secret falls back to JWT_SECRET and a hard-coded default, in production too",PARTIAL,,No new test added this part,Secret chain + gateway weak-secret refusal present; dedicated-secret prod fail-closed (no JWT_SECRET reuse) not added. Not addressed in this part (scope/time); carried forward at its re-audit status. Root cause unchanged from the re-audit evidence.,p3a_academic
PRC-L329,low,lms,File download HMAC secret falls back to a hard-coded string; unsigned in prod if env unset,PARTIAL,,No new test added this part,Secret chain + timingSafeEqual present; dedicated LMS_FILE_SIGNING_SECRET prod fail-closed + actor-bound token not added. Not addressed in this part (scope/time); carried forward at its re-audit status. Root cause unchanged from the re-audit evidence.,p3a_academic
PRC-L330,low,lms,Schema-readiness check runs on every repository call and lists are offset-paginated with per-row N+1 patterns,PARTIAL,,No new test added this part,"schema-readiness memoised; residual N+1 (listModuleItems Promise.all, PAL per-item tx, analytics loops) + module pagination not fully removed. Not addressed in this part (scope/time); carried forward at its re-audit status. Root cause unchanged from the re-audit evidence.",p3a_academic
PRC-L331,low,lms,Learner identity is the raw JWT sub stored as student_id; non-UUID subs silently written as NULL for graders,PARTIAL,,No new test added this part,uuidOrNull for graders; SIS sub->studentId mapping + erase/anonymise/retention (DPDP) not added. Not addressed in this part (scope/time); carried forward at its re-audit status. Root cause unchanged from the re-audit evidence.,p3a_academic
PRC-L337,low,report,Download signing secret falls back to a hardcoded dev constant; token is optional so the signature protects nothing,PARTIAL,,No new test added this part,Session+RBAC authenticated download; dedicated-secret prod fail-closed + user-bound token not added. Not addressed in this part (scope/time); carried forward at its re-audit status. Root cause unchanged from the re-audit evidence.,p3a_academic
PRC-L338,low,report,"Emailed download links use a 5-minute token URL that also requires a session, so scheduled deliveries would be dead links",PARTIAL,,No new test added this part,Latent (no delivery adapter wired). Absolute auth-page link + fresh-token minting not added; blocked by M338. Not addressed in this part (scope/time); carried forward at its re-audit status. Root cause unchanged from the re-audit evidence.,p3a_academic
PRC-L339,low,report,Catalogue queries have no tenant_id predicate and rely solely on RLS; tenant resolution trusts x-tenant-id header fallback,PARTIAL,,No new test added this part,resolveTenantId prefers gateway tenantId; x-tenant-id header fallback + explicit tenant_id predicate (defence-in-depth) not removed/added. Not addressed in this part (scope/time); carried forward at its re-audit status. Root cause unchanged from the re-audit evidence.,p3a_academic
PRC-L340,low,report,"No audit events for report generation, downloads of PII exports, or schedule create/delete/enable",PARTIAL,,No new test added this part,Gateway mutation audit covers generate/schedule; domain hash-chained audit + GET PII-download audit not added. Not addressed in this part (scope/time); carried forward at its re-audit status. Root cause unchanged from the re-audit evidence.,p3a_academic
PRC-L341,low,report,"Schedule recipients are arbitrary strings with no email validation or in-tenant restriction, enabling PII export to external addresses",PARTIAL,,No new test added this part,recipients maxLength present; email format/maxItems/dedupe/in-tenant restriction not added (latent until delivery wired). Not addressed in this part (scope/time); carried forward at its re-audit status. Root cause unchanged from the re-audit evidence.,p3a_academic
PRC-L342,low,report,S3 blob store uploads all artifacts as application/octet-stream and swallows every download error as 'not found'; tenant prefix derived from key string,PARTIAL,,No new test added this part,Tenant prefix correct; octet-stream content-type + swallow-all-as-null + tmpdir default + SSE + prod fail-closed not addressed. Not addressed in this part (scope/time); carried forward at its re-audit status. Root cause unchanged from the re-audit evidence.,p3a_academic
PRC-L343,low,report,"Dashboard role query silently ignores 'staff' and invalid values; role inference uses substring matching ('head', 'admin')",PARTIAL,,No new test added this part,requested-role check applies; 'staff' union member + substring role-inference hardening + 400-on-invalid not added. Not addressed in this part (scope/time); carried forward at its re-audit status. Root cause unchanged from the re-audit evidence.,p3a_academic
PRC-L347,low,scholarship,Scholarship staff roles absent from the shipped Keycloak realm; applicant role names mismatch,PARTIAL,,No new test added this part,Fails closed; granular scholarship role realm alignment + alias narrowing + contract-test role not added. Not addressed in this part (scope/time); carried forward at its re-audit status. Root cause unchanged from the re-audit evidence.,p3a_academic
PRC-L373,low,timetable,Package audit trail is an in-memory array with null actor; several mutations produce no audit at all,PARTIAL,,No new test added this part,Gateway mutation audit exists; package in-memory audit -> durable + listAudits route + publish/clone/enrol domain audit not added. Not addressed in this part (scope/time); carried forward at its re-audit status. Root cause unchanged from the re-audit evidence.,p3a_academic
PRC-L374,low,timetable,"teacherMaxPeriodsPerDay is only a soft score in the generator, so the ""max"" can be exceeded",PARTIAL,,No new test added this part,Repair loop best-effort present; teacherMaxPeriodsPerDay hard constraint + duplicate-demand-id error not added. Not addressed in this part (scope/time); carried forward at its re-audit status. Root cause unchanged from the re-audit evidence.,p3a_academic
PRC-L442,low,attendance,Standalone attendance server is hard-wired to in-memory data with no auth or tenant resolution; readiness is static,OPEN,,No new test added this part,"Standalone attendance server still InMemory/static ready; not migrated to factories/auth (lab-only, fails closed). Not addressed in this part (scope/time); carried forward at its re-audit status. Root cause unchanged from the re-audit evidence.",p3a_academic
PRC-L443,low,attendance,"BulkAttendanceProducer, CachedAttendanceRepository and device-key list/revoke are unused or unreachable",OPEN,,No new test added this part,Dead producer/cache classes + GET/revoke device-key endpoints not added. Not addressed in this part (scope/time); carried forward at its re-audit status. Root cause unchanged from the re-audit evidence.,p3a_academic
PRC-L488,low,report,"Legacy report engine (routes.ts, report-service, reportPlugin) is not mounted by the gateway; standalone server has no tenant/auth wiring, in-memory repo and an empty data source",OPEN,,No new test added this part,Legacy report engine unmounted/in-memory; delete-or-gate decision + fake-cron fix not done (product decision). Not addressed in this part (scope/time); carried forward at its re-audit status. Root cause unchanged from the re-audit evidence.,p3a_academic
PRC-L503,low,timetable,"Critical timetable paths lack tests: clone-period, PG meetings/sections/substitutions/ops-store, package-level RBAC, persistMeetings",PARTIAL,,No new test added this part,Gateway RBAC/IDOR + rooms/bell live tests exist; live PG meetings/sections/substitutions/ops-store + clone-period/persistMeetings route tests not added. Not addressed in this part (scope/time); carried forward at its re-audit status. Root cause unchanged from the re-audit evidence.,p3a_academic
PRC-L561,low,gradebook,"No tests for read-side authorization, download authz, cross-tenant HTTP access, path traversal or concurrency",PARTIAL,,No new test added this part,Approve/transition/x-tenant/download unit tests exist; HTTP negative student/parent GET + cross-tenant download + path-traversal tests not added. Not addressed in this part (scope/time); carried forward at its re-audit status. Root cause unchanged from the re-audit evidence.,p3a_academic
PRC-L574,low,lms,Cross-tenant/parent/file-ownership paths untested; Pg RLS test is skipped without DATABASE_URL; vitest passes with no tests,PARTIAL,,No new test added this part,"In-memory cross-tenant/IDOR tests + CI PG RLS test exist; parent/guardian role, file-ownership, concurrency, PAL-idempotency tests not added. Not addressed in this part (scope/time); carried forward at its re-audit status. Root cause unchanged from the re-audit evidence.",p3a_academic
NEW-g5_academic-002,medium,examination,"publishResults performs its three writes (publication snapshot, academic records, status flip) in three separate transactions, leaving a partially-published state on a crash",PARTIAL,,No new test added this part,"publishResults still issues 3 separate withTenantTransaction writes. A true single-commit needs a new repository method that threads one client/tx across savePublicationResult + updateAcademicRecords + examination.update, changing the repository interface and both (in-memory + pg) implementations — too large/risky to land safely here. Mitigation already present: writes are idempotent upserts (H055) so a retry reconciles; a reaper/retry trigger for publications-without-academic-records is the remaining gap.",p3a_academic
NEW-g5_academic-003,medium,lms,GET /lms/bank question-bank list/get is reachable by learners and returns answer-key payloads (correctOptionIndex/correctValue) before a quiz is taken,FULLY_CLOSED,packages/backend/lms/src/lms-service.ts,lms-scope-fence.test.ts: learner listBankQuestions/getBankQuestion -> 403; staff allowed,Question bank is an authoring surface; now requires canAuthor on list+get so learners cannot read answer keys.,p3a_academic
NEW-g5_academic-004,medium,report,Report scheduler is doubly dead under Postgres: run claim uses a platform-scope with no matching UPDATE RLS policy AND the HTTP run-due route lets any tenant admin drive all tenants' jobs,FULLY_CLOSED,"db/sql/150...sql, packages/backend/report/src/catalogue-routes.ts (pre-existing M340), pg-report-store.ts",Live DB RLS verification (see M339); catalogue-service.test.ts M340 test confirms runDue is tenant-scoped,Scheduler-dead-under-RLS fixed by policy 150. HTTP run-due cross-tenant was already fixed (M340: runDue(tenantId)). Platform-scope claim verified live.,p3a_academic
NEW-g5_academic-005,medium,gradebook,Board-export marksheet CSV (minors' national IDs + marks) still allows spreadsheet formula injection and renders names unescaped in the PDF-lite HTML,FULLY_CLOSED,packages/backend/gradebook/src/board-export-generator.ts,"board-export-injection.test.ts: 2 tests pass (CSV formula neutralised, PDF-lite HTML escaped)","csvEscape now prefixes =,+,-,@,tab,CR cells with ' ; buildPdfLiteHtml HTML-escapes name/nationalId.",p3a_academic
PRC-M184,medium,billing,"Billing writes are non-atomic and racy: plan change, subscribe, quota increment and name uniqueness",PARTIAL,,"existing billing suite still green (billing-service.test.ts, routes.test.ts)",Billing writes go through PgDocumentCollection (control_plane_documents key-value) which exposes no multi-key tx / FOR UPDATE. Adding BEGIN/COMMIT+row-locks + a DB unique index for plan-name-per-tenant requires changes to the shared @proctira/database document collection and a control-plane migration (out of this part's SQL range 160-169 / shared-pkg scope). Left PARTIAL with safe behaviour unchanged.,p3b_school_ops
PRC-M246,medium,fees,"Refunds are bookkeeping only: no PSP call, invoice stays 'paid', paymentId unchecked",PARTIAL,,n/a,"Refund already runs under withInvoiceLock, caps at collected cash, posts reversal journal+audit. No live PSP refund and no status revert from 'paid' — depends on the money-movement/accounting product model and an external PSP integration; cannot be done safely here. Fail-closed bookkeeping retained.",p3b_school_ops
PRC-M251,medium,fees,"Bank reconciliation import only reports matches; nothing is reconciled, imports not idempotent, matching by face amount",PARTIAL,,n/a,Reconciliation import is still parse/report only. Settling matched invoices in a tx with an idempotent import-batch key and matching on invoice id (not face amount) is a sizeable new feature touching the fees ledger + a new import-batch table/migration; not completed safely within budget. No weakening done.,p3b_school_ops
PRC-M272,medium,health,encryptPhi passes through any input starting with enc:v*; a crafted note poisons all reads with 500,FULLY_CLOSED,"packages/backend/health/src/phi-crypto.ts, health-service.ts",health phi-crypto.test.ts 'assertNotPhiCiphertextInput rejects enc:v*' (8 passed); health-service.test.ts 'rejects caseNotes that begin with enc:' (49 passed),"New assertNotPhiCiphertextInput() guard rejects attacker-supplied enc:v* on counselling create/update (caseNotes/reason/outcome) and nurse-incident notes, before encryptPhi, so crafted ciphertext can no longer poison reads.",p3b_school_ops
PRC-M273,medium,health,Field ACL only redacts counselling case_notes; session reason and outcome are returned to any author,PARTIAL,packages/backend/health/src/health-service.ts,n/a,case_notes and reason are redacted (phi-field-acl + redactCounsellingReasons). Session 'outcome' redaction requires extending phi-field-acl field coverage + ACL plumbing across read paths; left PARTIAL — not reduced.,p3b_school_ops
PRC-M274,medium,health,"Round-tripping a redacted session overwrites real case notes with ""[REDACTED]""; updates are unguarde",FULLY_CLOSED,packages/backend/health/src/health-service.ts,health health-service.test.ts 'rejects an update that sets caseNotes to the redaction placeholder' (49 passed),updateCounsellingSession rejects caseNotes == PHI_FIELD_REDACTED ('[REDACTED]') so a round-tripped redacted record cannot overwrite real notes.,p3b_school_ops
PRC-M275,medium,health,DSAR export silently truncates each section to 100 rows and omits nurse incidents and access history,PARTIAL,,n/a,DSAR export still caps each section at pageSize:100 and omits nurse incidents + PHI access history. Full streaming/pagination of every section plus adding two new sections is a non-trivial change to exportStudentDsarPackage; not completed within budget. Fail-closed (no fabricated data).,p3b_school_ops
PRC-M276,medium,hostel,Hostel allocation posts fee invoice and ledger journal before claiming the bed; conflict leaves orphan invoice,FULLY_CLOSED,packages/backend/hostel/src/hostel-service.ts,hostel bed-assignment.test.ts 'posts no fee invoice when the bed claim conflicts' (4 passed),createAssignment now claims the bed (createActiveAssignment) BEFORE posting the allocation invoice; a BedAssignmentConflictError leaves no orphan invoice.,p3b_school_ops
PRC-M277,medium,hostel,No vacate/checkout flow: beds stay unavailable forever; room capacity never enforced,PARTIAL,,n/a,"No vacate/checkout flow and room-capacity enforcement would need new repository methods (release bed, capacity count) across in-memory + PG and a new service+route; sizeable feature, not completed within budget.",p3b_school_ops
PRC-M278,medium,hostel,Hostel list endpoints are unbounded and return all tenant rows (student PII),PARTIAL,,n/a,Hostel list endpoints (assignments/leaves/visitors) still unbounded; adding pagination requires repository signature changes across in-memory + PG + routes; not completed within budget. Per-id lookups already LIMIT 1.,p3b_school_ops
PRC-M281,medium,institution,"Area move never updates lft/rgt, but getTree(rootId) selects subtrees by lft/rgt",FULLY_CLOSED,packages/backend/institution/src/area-hierarchy/area-hierarchy.service.ts,institution area-hierarchy.service.test.ts: 'move recomputes nested-set lft/rgt' (29 passed); area-hierarchy suite 58 passed,move() now recomputes nested-set lft/rgt (full snapshot DFS reassignment) so getTree(rootId) subtree queries are correct after a move.,p3b_school_ops
PRC-M282,medium,institution,Area create/move perform multi-row tree rewrites without a transaction or lock,FULLY_CLOSED,packages/backend/institution/src/area-hierarchy/area-hierarchy.service.ts,institution area-hierarchy.service.test.ts (29 passed); depth.property.test random-move invariant 3 passed,create() and move() tree rewrites wrapped in runInTransaction -> $transaction (serializable tenant tx) when the client supports it; in-memory runs direct.,p3b_school_ops
PRC-M285,medium,institution,Class sections and institution names rely on app-level duplicate checks with no DB unique constraint (ClassService checks nothing),PARTIAL,,n/a,App-level duplicate checks remain. DB unique constraints for class sections and institution names require migrations on existing tables (my range 160-169) with the 102 CONCURRENTLY pattern + privilege/registry updates and live-PG verification; not completed within budget.,p3b_school_ops
PRC-M287,medium,institution,Institution code uniqueness is documented and implemented as global in memory but per-tenant in Postgres,PARTIAL,,n/a,Prisma repo enforces per-tenant uniqueness. Aligning the historical in-memory repo (global) to per-tenant is a shim-divergence cleanup (see PRC-L476); left PARTIAL.,p3b_school_ops
PRC-M289,medium,institution,"Standalone institution server uses in-memory repo, ignores DATABASE_URL, and has no auth/tenant sour",PARTIAL,,n/a,Standalone institution server still hardcodes InMemoryInstitutionRepository and ignores DATABASE_URL. Wiring repository-factory + auth/tenant plugins + start() handling is the same work as PRC-L572/NEW-011 and risks changing a deploy entrypoint; left PARTIAL (fail-closed: entrypoint not used by the gateway).,p3b_school_ops
PRC-M291,medium,library,"Circulation writes are non-atomic and racy: double checkout of one copy, lost updates on available count",FULLY_CLOSED,"packages/backend/library/src/library-service.ts, library-repository.ts, pg-library-repository.ts, in-memory-repository.ts",library library-ops.test.ts 'does not double-checkout the last copy under concurrency' (8 passed); library suite 44 passed,New repository.claimCopyForCheckout: PG does SELECT..FOR UPDATE + conditional decrement + copy flip in one withPgTenant BEGIN/COMMIT; checkout no longer reads-then-writes available.,p3b_school_ops
PRC-M293,medium,library,ISBN provider defaults to a stub that fabricates catalog records and returns success for any ISBN,PARTIAL,,n/a,ISBN stub is injected via library-plugin. Fail-closed gating in production (like fees PSP ALLOW_SANDBOX_PROVIDERS) would require a provider-honesty env gate; not wired this pass. No fabrication added.,p3b_school_ops
PRC-M368,medium,staff,Payroll post is check-then-insert with no unique guard: concurrent exports create duplicate posted runs,PARTIAL,,n/a,"Payroll post is still select-then-insert without a (tenant,month) unique index / advisory lock. Re-adding the unique index dropped by migration 083 needs a migration + live-PG verification; not completed within budget.",p3b_school_ops
PRC-M370,medium,staff,Payroll deducts only whole absent days: half-days and approved unpaid leave never reduce pay,PARTIAL,,existing payroll-proration.test.ts green,Half-day / approved-unpaid-leave proration partially implemented (payroll-compute.ts). Full coverage confirmation (half-days reduce pay for every path) not completed; no regression.,p3b_school_ops
PRC-M371,medium,staff,Staff customData replace can wipe or forge __offboard metadata; status stored only inside JSON,PARTIAL,,existing offboard-service.test.ts green,offboard-meta centralises metadata; dedicated status column (see M381) not added. Left PARTIAL.,p3b_school_ops
PRC-M373,medium,staff,"Leave request rules: no overlap check, no self-approval separation, calendar-day counting, weak date validation, no cancel/restore",PARTIAL,,existing leave-service tests green,overlap/self-approval/calendar-day/cancel-restore partially present; full rule confirmation not completed within budget.,p3b_school_ops
PRC-M378,medium,staff,"Staff national ID, DOB, phone and salary returned in plaintext; free-text sick-leave reasons and appraisals readable by all staff:read roles",PARTIAL,,n/a,identityNumber masked. DOB/phone/salary + free-text sick-leave reasons/appraisals field-ACL is a larger masking feature across staff routes; not completed within budget.,p3b_school_ops
PRC-M380,medium,staff,Certification-expiry notifications and scheduler never wired; process-expiry is manual-only and notification-less in production,PARTIAL,,n/a,Certification-expiry scheduler + notification wiring is an ops/integration feature (scheduler + notification service); not wired this pass. Same as PRC-M543.,p3b_school_ops
PRC-M381,medium,staff,Offboard state stored in user-writable customData; PUT can erase it and client can pre-forge it; read-modify-write without lock,PARTIAL,,existing offboard-meta tests green,"Dedicated offboard status column + lock + anti-forge is a schema+service change (migration in staff range, not mine); offboard-meta mitigates forging. Left PARTIAL.",p3b_school_ops
PRC-M382,medium,staff,CSV export writer has no formula-injection neutralisation; import parser breaks on quoted newlines,PARTIAL,,existing staff-csv.test.ts green,Formula-injection neutralisation + quoted-newline import partially covered; full confirmation not completed within budget.,p3b_school_ops
PRC-M383,medium,student,"Student merge: copying nationalId to survivor violates UNIQUE(tenant_id,national_id) before duplicat",FULLY_CLOSED,packages/backend/student/src/student-service.ts,student student-service.test.ts 'clears the duplicate nationalId before the survivor adopts it (ordered bulkWrite)' (40 passed),"mergeDuplicates clears the duplicate's nationalId FIRST (same ordered bulkWrite tx) when the survivor adopts it, so UNIQUE(tenant_id, national_id) is never transiently violated.",p3b_school_ops
PRC-M386,medium,student,Deleting a student document leaves its blob in storage; no blob delete API; upload blob+row not atomic,PARTIAL,,existing blob-lifecycle.test.ts / blob-download.test.ts green,blob delete lifecycle partly implemented (students-360/blob-store.ts). Confirming delete removes the blob and blob+row upload atomicity (compensating delete on row failure) not completed within budget.,p3b_school_ops
PRC-M440,medium,transport,Alert evaluator treats schedule HH:MM as UTC and evaluates stale/undated pings; wrong alerts for IST schools,PARTIAL,,existing alert-evaluator tests green,HH:MM timezone + stale-ping handling partially addressed; school-timezone interpretation confirmation not completed.,p3b_school_ops
PRC-M441,medium,transport,missed_pickup alerts fire for every assigned student when evaluate is called without routeId; no de-duplication,PARTIAL,,existing alert-evaluator tests green,missed_pickup de-dup / routeId-less fan-out guard partially addressed; full confirmation not completed.,p3b_school_ops
PRC-M443,medium,transport,"Device keys cannot be rotated or deactivated: no endpoint, and UNIQUE(tenant_id, vehicle_id) blocks re-registration",PARTIAL,,n/a,"Device-key rotate/deactivate endpoint + relaxing UNIQUE(tenant,vehicle) re-registration needs a new route + migration (transport range, not mine); not completed within budget.",p3b_school_ops
PRC-M445,medium,transport,"Sandbox GPS and attendance-on-bus endpoints are live, non-persistent, per-instance stores",PARTIAL,,n/a,GPS/attendance-on-bus stub is bounded (PRC-M444) but still in-memory/per-instance. Persisting or hard-gating off in production is a feature decision; not completed. Fail-closed bounds retained.,p3b_school_ops
PRC-M447,medium,transport,"""One active assignment"" rules are check-then-insert with no DB constraint and are bypassable via PUT isActive=true",PARTIAL,,existing has-active-assignment.test.ts green,"DB partial-unique constraint for one active assignment + blocking PUT isActive=true bypass needs a migration (transport range, not mine) + route guard; not completed within budget.",p3b_school_ops
PRC-M451,medium,transport,"Child location and boarding data has no retention, and live map/ping history is unbounded and unmasked",PARTIAL,,n/a,No retention/purge/masking for child GPS/boarding data. This is a privacy feature (retention window + purge job + masking + ping-history bound) spanning service + migration; not completed within budget.,p3b_school_ops
PRC-M452,medium,transport,Fee amounts/currency not validated as integer cents or ISO codes; distance bands can be inverted or overlap,PARTIAL,,existing transport-overlap.property.test.ts green,integer-cents/ISO-currency validation + inverted/overlapping band rejection partially addressed; full confirmation not completed.,p3b_school_ops
PRC-M512,medium,fees,"Payment 'adapter' is a sandbox that always succeeds; no live PSP, no webhook, so recorded payments move no money",PARTIAL,,existing payment-adapter-honesty.test.ts green,"Honesty/fail-closed addressed (live mode returns failed; prod sandbox gated). No live PSP/webhook — external dependency, out of scope.",p3b_school_ops
PRC-M517,medium,health,Local-stub KMS uses a hard-coded public secret and deterministic root; PHI encrypted under it is rec,PARTIAL,,existing phi-envelope.test.ts green,Local-stub KMS is gated (ALLOW_PHI_KMS_STUB + fail-closed). Deterministic public stub secret still exists by design for CI; removing it needs a real KMS in prod (infra). Relies on operator not enabling stub in prod.,p3b_school_ops
PRC-M519,medium,health,"Updates of referrals, accommodation plans, counselling sessions and break-glass approve/deny have no",PARTIAL,packages/backend/health/src/health-service.ts,n/a,Create-path txn-audit exists. Adding write-audit (actor/before/after) to updateReferral/updateAccommodationPlan/updateCounsellingSession + break-glass approve/deny is a cross-cutting audit-emission change on several methods; not completed within budget. No audit weakened.,p3b_school_ops
PRC-M520,medium,health,"Nurse incident accepts client-supplied institutionId, reportedBy and unvalidated incidentAt",FULLY_CLOSED,packages/backend/health/src/health-service.ts,health health-service.test.ts: derives reportedBy from JWT; rejects future incidentAt; rejects out-of-scope institutionId (49 passed),"createNurseIncident now derives reportedBy from access.userId (ignores body), validates institutionId against the actor's authoritative institutions (tenant-wide exempt), and bounds incidentAt (valid, not future beyond 1d skew, >=1900).",p3b_school_ops
PRC-M521,medium,hostel,"Hostel roles (warden, hostel_*, bursar, accountant) do not exist in the IdP realm",OPEN,,n/a,"hostel-access.ts allowlist defines the roles; whether warden/hostel_*/bursar/accountant exist in the Keycloak realm is realm config (infra), not verifiable from backend code in this part.",p3b_school_ops
PRC-M543,medium,staff,Certification expiry processing is manual-only and notification integration is not wired; failure mid-loop loses notifications,PARTIAL,,n/a,Same as PRC-M380 (scheduled certification-expiry + idempotent notification).,p3b_school_ops
PRC-M544,medium,staff,"No domain-level audit events for staff/HR mutations (payroll, contracts, salary, leave decisions, offboarding, verification)",PARTIAL,,n/a,No domain audit events for staff/HR mutations yet. Emitting append-only audit for payroll/contracts/salary/leave/offboarding/verification spans many hr-service methods + an audit sink; not completed within budget.,p3b_school_ops
PRC-M546,medium,student,Student merge is a chain of independent writes; partial failure leaves half-merged records and orpha,FULLY_CLOSED,packages/backend/student/src/student-service.ts,student student-service.test.ts merge tests (40 passed),Survivor patch + duplicate retire now run in one repository.bulkWrite transaction (all-or-nothing) when available; non-tx fallback still clears nationalId first.,p3b_school_ops
PRC-M547,medium,student,"Import bypasses StudentService: no admission number issued, no nationalId uniqueness check, update w",PARTIAL,,existing import-transactional.test.ts green,Import goes through a transactional adapter. Confirming admission-number issuance + nationalId uniqueness on import not completed within budget.,p3b_school_ops
PRC-M548,medium,student,Enrollment: student/grade/class/period ids not verified in-tenant; class_id has no FK; FKs are singl,PARTIAL,,existing pg-enrollment-uniqueness.live.test.ts green,"Enrollment uniqueness added. In-tenant verification of student/grade/class/period ids + class_id FK needs a migration (student range, not mine) + validation; not completed within budget.",p3b_school_ops
PRC-M635,medium,student,"Async import progress: failures never recorded, result never stored, progress readable across tenant",PARTIAL,,n/a,Progress store is tenant-namespaced (cross-tenant read fixed by PRC-H092). Durable failure-recording/result-storage completeness not confirmed; left PARTIAL.,p3b_school_ops
PRC-L086,low,billing,Pg billing repository loads whole collections into memory and opens a transaction per operation,PARTIAL,,n/a,PgBillingRepository loads whole PgDocumentCollections. Pushing filtering/pagination into SQL requires changing the shared @proctira/database document collection (out of scope); not completed.,p3b_school_ops
PRC-L087,low,billing,"Billing plan prices carry no currency, and 'cents' minor units are hard-wired in a rupee-based product",OPEN,,n/a,Adding ISO-4217 currency to plan prices + per-currency minor units is a billing schema + product decision; not completed within budget.,p3b_school_ops
PRC-L106,low,fees,Dunning 'send reminders' never sends anything but writes audit rows; N+1 audit reads and non-idempotent message ids,PARTIAL,,existing reminder-dunning.test.ts green,Dunning still a sandbox (no real send); idempotencyKey present. Real send + N+1 audit-read removal is a messaging-integration feature; not completed.,p3b_school_ops
PRC-L107,low,fees,Invoice and receipt numbers are date + 8 hex chars of a random UUID; collisions surface as 500,PARTIAL,,n/a,"Invoice/receipt numbers still use date+8 hex of UUID (collision surfaces as unique-violation). Per-tenant sequence/counter needs a migration (fees range, not mine); not completed.",p3b_school_ops
PRC-L113,low,health,"Break-glass grant model: approver scope unchecked, no-op returns 200, find-active mutates on read",PARTIAL,,existing phi-breakglass.test.ts green,Approver roles + grant-active checks present. Approver institution-scope + find-active no-mutation-on-read confirmation not completed within budget.,p3b_school_ops
PRC-L114,low,health,Pagination/limit query params unbounded and unvalidated (PaginationQuerySchema defined but unused),PARTIAL,,n/a,PaginationQuerySchema defined; applying its bounds uniformly to all health list/limit routes (incl. DSAR) is broad route work; not completed within budget.,p3b_school_ops
PRC-L115,low,health,Audit payload records only ids; actor falls back to 'anonymous' and before/after values are null,PARTIAL,,existing phi-read-audit.test.ts green,Read audit records metadata. actor!=anonymous + before/after on write audits overlaps PRC-M519; not completed within budget.,p3b_school_ops
PRC-L117,low,hostel,"Weak input validation: date strings, uuid query params, fractional cents; DB errors surface as 500",PARTIAL,,n/a,Hostel input validation partially via schemas; comprehensive date/uuid/integer-cents validation + DB-error->4xx mapping not completed within budget.,p3b_school_ops
PRC-L118,low,hostel,GET /hostel?institutionId= filter is a no-op; hostels carry no institution,OPEN,,n/a,Hostels carry no institution column; linking (migration in my range) or removing the misleading institutionId filter is a schema/API decision; not completed within budget.,p3b_school_ops
PRC-L124,low,institution,Calendar events can be deleted from archived periods and repair requests can never be closed,PARTIAL,,existing archived-event-delete.test.ts / repair-request-close.test.ts green,Marker present; archived-period event-delete and repair-request-close behaviour not fully re-confirmed this pass.,p3b_school_ops
PRC-L127,low,institution,"Soft-deleted rows still occupy (tenant_id, code) unique slot; findByNameInArea ignores that; no dele",OPEN,packages/backend/institution/src/area-hierarchy/area-hierarchy.service.ts,n/a,"Soft-deleted (tenant_id, code) slot still occupied at DB level. A partial unique index WHERE deleted_at IS NULL requires a migration on an existing table (my range 160-169, 102 CONCURRENTLY pattern) + live-PG verification; not completed within budget. App-level checks already filter deletedAt:null.",p3b_school_ops
PRC-L129,low,library,"checkout dueAt is an unvalidated free string; no loan limits, no patron/student existence check",PARTIAL,,existing checkout-due-date.test.ts green,dueAt validated. Loan limits + patron/student existence checks at checkout are a new policy feature; not completed within budget.,p3b_school_ops
PRC-L157,low,staff,Hard-delete route contract vs soft-delete adapter and no dependent-record checks,PARTIAL,,existing staff-delete.test.ts green,countDependents added; route-contract vs soft/hard-delete + dependents-block confirmation not completed within budget.,p3b_school_ops
PRC-L286,low,billing,"Billing tests do not cover concurrency, RLS isolation on Postgres, or side effects of denied requests",PARTIAL,,existing billing suite green,Concurrency / PG RLS cross-tenant isolation / denied-side-effect tests not added (depends on PRC-M184 tx work + live PG).,p3b_school_ops
PRC-L311,low,health,Guardian passes the same assertHealthAccess used for writes and break-glass requests,PARTIAL,,existing health tests green,Purpose-aware gates differentiate some guardian reads; ensuring guardian reads never share the write/break-glass gate not fully completed.,p3b_school_ops
PRC-L312,low,health,Institution assignment lookups swallow all errors and fall back to JWT claims / null scope,OPEN,,n/a,pg-actor-institution-assignments / pg-student-institution-lookup still fall back to JWT/null on infra error (fail-open). Failing closed changes behaviour broadly and needs care across read paths; not completed within budget.,p3b_school_ops
PRC-L313,low,health,KMS client defaults region to us-east-1 and gives no timeout/retry config; root key unwrapped once w,PARTIAL,,existing aws-kms-phi-client.test.ts green,KMS client present; explicit region/timeout/retry config + root-key refresh not confirmed; not completed within budget.,p3b_school_ops
PRC-L316,low,health,"Weak input validation: FK ids not UUID-checked, dates not calendar-validated, no upper bounds on vitals",PARTIAL,packages/backend/health/src/health-service.ts,n/a,"incidentAt is now bounded (PRC-M520). Comprehensive UUID-validation of FK ids, calendar validation of all dates and vitals upper bounds across schemas not completed within budget.",p3b_school_ops
PRC-L317,low,hostel,"Hostel mutations (assignments, leave decisions, gate passes, visitors, fee structures) emit no audit record",OPEN,,n/a,Hostel mutations emit no audit records; adding audit across assignments/leave/gate-pass/visitors/fee-structures spans the whole service + an audit sink; not completed within budget.,p3b_school_ops
PRC-L321,low,institution,"AcademicPeriodService.supersede is unreachable and update() forbids date/code changes, so a wrong period window cannot be corrected via the API",PARTIAL,,existing supersede-route.test.ts green,Marker present; supersede reachability + wrong-period correction via API not fully re-confirmed this pass.,p3b_school_ops
PRC-L322,low,institution,"Read-check-write in deactivate/reactivate/update is not atomic; no optimistic lock (lost updates, do",OPEN,packages/backend/institution/src/area-hierarchy/area-hierarchy.service.ts,n/a,"Optimistic locking (version column) on deactivate/reactivate/update not added — needs a schema change + conditional writes across institution services; not completed within budget. (Area create/move are now transactional, see PRC-M282.)",p3b_school_ops
PRC-L324,low,institution,Tenant-bound Prisma runs each operation in its own transaction and passes $transaction through unbou,PARTIAL,,existing tenant-bound-prisma.test.ts green,tenant-bound-prisma wraps each op in its own tenant tx; bounding $transaction passthrough / multi-op tx is a shared-pattern change; not completed. (Area hierarchy now uses $transaction for multi-row rewrites.),p3b_school_ops
PRC-L325,low,institution,Tenant context taken from request.user.tenantId fallback and captured once at onRequest; hook only r,PARTIAL,,n/a,tenant-context captures tenant at onRequest; confirming JWT-only (no request.user fallback) + per-request re-resolve not completed within budget.,p3b_school_ops
PRC-L326,low,institution,Status-change audit is best-effort: failure swallowed and skipped when no auditService/user,OPEN,,n/a,Status-change audit remains best-effort; making it mandatory (fail op / queue) changes failure semantics and needs an audit sink guarantee; not completed within budget.,p3b_school_ops
PRC-L327,low,library,Item-level barcode/accessionNo input never becomes a scannable copy; institutionId filter is a no-op,PARTIAL,,n/a,ensureCopies creates scannable copies; items carry no institution so institutionId filter is a no-op — implementing or removing it is a schema/API decision; not completed within budget.,p3b_school_ops
PRC-L366,low,student,"No route-level tests for import endpoints, enrollment authz or cross-tenant isolation of new stores;",PARTIAL,,existing import-routes/enrollment-routes/student-route-authz tests green,Route-level tests exist; cross-tenant isolation of new stores not fully covered; not completed within budget.,p3b_school_ops
PRC-L390,low,transport,"List endpoints bypass TransportListQuerySchema: unbounded pageSize, invalid page/UUID filters cause 500",PARTIAL,,existing transport routes.test.ts green,"Enforcing TransportListQuerySchema bounds on all list endpoints (bounded pageSize, valid page/UUID) not fully completed; not completed within budget.",p3b_school_ops
PRC-L391,low,transport,Transport RBAC role names mostly do not exist in the Keycloak realm; coarse read/write/ops all map to the same set,OPEN,,n/a,"Transport role names existing in the Keycloak realm is infra/realm config, not verifiable from backend code. Differentiating read/write/ops sets is a RBAC decision; not completed.",p3b_school_ops
PRC-L392,low,transport,"Actor falls back to literal ""transport"" and alert acknowledge can be overwritten",PARTIAL,packages/backend/transport/src/transport-service.ts,n/a,actorId still defaults to literal 'transport' in several methods; deriving from JWT across all call sites + preventing alert-acknowledge overwrite is broad route/service work; not completed within budget.,p3b_school_ops
PRC-L471,low,fees,"Fee structure supersede (W1-DATA-07) and instalment-driven due dates exist only in service; no route, dead branch",PARTIAL,,existing fee-structure/instalment tests green,supersede + instalment due dates tested at service level; route reachability confirmation not completed within budget.,p3b_school_ops
PRC-L472,low,health,vitest config: passWithNoTests true and no coverage thresholds for PHI package,PARTIAL,,existing PHI suite green,Substantial PHI tests exist; setting vitest passWithNoTests=false + coverage thresholds is a config change I did not make to avoid changing gate config without the integrator; left PARTIAL.,p3b_school_ops
PRC-L476,low,institution,"In-memory Prisma look-alike diverges: no staff delegate, no classTeacher include, isolated enrollment table",OPEN,,n/a,in-memory Prisma look-alike still diverges (no staff delegate / classTeacher include / isolated enrollment table). Aligning or restricting it to tests is a sizeable shim cleanup; not completed within budget.,p3b_school_ops
PRC-L500,low,staff,"Standalone staff server is non-functional: in-memory repos, no auth/tenant hook, mixed persistence",PARTIAL,,n/a,Standalone staff server still hardcodes in-memory repos / ignores DATABASE_URL. Same entrypoint-wiring work as PRC-M289; not completed within budget (fail-closed: not the gateway path).,p3b_school_ops
PRC-L501,low,staff,"Standalone staff server hard-wires in-memory repos, has no auth/tenant plugin, ignores DATABASE_URL despite header doc",PARTIAL,,n/a,Same file/root cause as PRC-L500.,p3b_school_ops
PRC-L562,low,health,Counselling follow-up validation uses ?? so clearing followUpDate is not validated,FULLY_CLOSED,packages/backend/health/src/health-service.ts,health health-service.test.ts 'rejects clearing followUpDate while followUp remains required' (49 passed),"updateCounsellingSession uses Object.hasOwn(input,'followUpDate') instead of ?? so clearing the date (null) is validated against followUpRequired.",p3b_school_ops
PRC-L563,low,health,Postgres store isolation tests are skipped without DATABASE_URL and do not cover institution scope o,PARTIAL,,existing pg-*-store.test.ts green,PG store tests skip without DATABASE_URL; adding institution-scope isolation coverage + CI DATABASE_URL wiring not completed within budget.,p3b_school_ops
PRC-L571,low,institution,Prisma repository has no non-skipped tests; live tests skip without DATABASE_URL and only cover crea,PARTIAL,,existing prisma-institution-repository.sort.test.ts green,Live tests skip without DATABASE_URL; adding non-skipped Prisma repo tests beyond create + CI DATABASE_URL not completed within budget.,p3b_school_ops
PRC-L572,low,institution,Standalone server readiness never checks DB and start() promise is unhandled,OPEN,packages/backend/institution/src/standalone-server.ts,n/a,Standalone server has no DB readiness check and start() is unhandled. Same entrypoint change as PRC-M289/NEW-011; not completed within budget to avoid altering a deploy entrypoint without the integrator.,p3b_school_ops
PRC-L573,low,library,"Critical library paths lack tests: portal scoping of fines/overdues, fine assess/pay, concurrency, cross-tenant",PARTIAL,,existing library-fines.test.ts green,"Fine settle covered; portal fine/overdue scoping, concurrency and cross-tenant tests not added this pass (checkout concurrency itself is now fixed, PRC-M291).",p3b_school_ops
PRC-L589,low,student,Import parses up to 50MB xlsx synchronously in the request and has no row/zip-bomb cap; formula cell,PARTIAL,,existing upload-hardening.test.ts green,row/zip-bomb caps + formula-cell handling partially addressed; off-request-thread parsing of large xlsx not confirmed; not completed.,p3b_school_ops
PRC-L590,low,student,"In-package audit trail is never wired, is in-memory only and not hash-chained, yet index.ts advertis",PARTIAL,,existing audit-trail-completeness.property.test.ts green,Audit store exists but default in-memory and wiring into mutations + hash-chaining not completed; not completed within budget.,p3b_school_ops
PRC-L592,low,transport,"Critical paths untested: cross-tenant isolation, RBAC allow-path, pg repository (skipped w/o DATABASE_URL), fee double-invoice",PARTIAL,,existing fee-link-retry.test.ts green,fee double-invoice covered; cross-tenant isolation + RBAC allow-path + non-skipped pg repo tests not added this pass.,p3b_school_ops
NEW-g6_school_ops-003,medium,institution,"Area move() never updates nested-set lft/rgt, corrupting getTree subtree queries",FULLY_CLOSED,packages/backend/institution/src/area-hierarchy/area-hierarchy.service.ts,institution area-hierarchy.service.test.ts move tests (29 passed),Same root cause as PRC-M281; lft/rgt rebuilt on move within a transaction.,p3b_school_ops
NEW-g6_school_ops-004,medium,institution,Area create/move perform multi-row tree rewrites with no transaction or lock,FULLY_CLOSED,packages/backend/institution/src/area-hierarchy/area-hierarchy.service.ts,institution area-hierarchy suite 58 passed,Same root cause as PRC-M282; create/move wrapped in a transaction.,p3b_school_ops
NEW-g6_school_ops-005,medium,hostel,"Hostel allocation posts the fee invoice before claiming the bed, orphaning the invoice on bed conflict",FULLY_CLOSED,packages/backend/hostel/src/hostel-service.ts,hostel bed-assignment.test.ts orphan-invoice test (4 passed),Same root cause as PRC-M276.,p3b_school_ops
NEW-g6_school_ops-006,medium,health,DSAR export truncates every PHI section to 100 rows and omits nurse incidents and access history,PARTIAL,,n/a,Same as PRC-M275 (DSAR truncation + missing sections).,p3b_school_ops
NEW-g6_school_ops-007,medium,health,Round-tripping a redacted counselling session persists '[REDACTED]' over real case notes,FULLY_CLOSED,packages/backend/health/src/health-service.ts,health health-service.test.ts redaction round-trip test (49 passed),Same root cause as PRC-M274.,p3b_school_ops
NEW-g6_school_ops-008,medium,health,"encryptPhi passes through any attacker-supplied 'enc:v*' string, poisoning later reads with 500",FULLY_CLOSED,"packages/backend/health/src/phi-crypto.ts, health-service.ts",health phi-crypto.test.ts + health-service.test.ts (57 passed),Same root cause as PRC-M272.,p3b_school_ops
NEW-g6_school_ops-009,medium,transport,"Child GPS/boarding location data has no retention, masking, or history bound",PARTIAL,,n/a,Same as PRC-M451 (child GPS retention/masking).,p3b_school_ops
NEW-g6_school_ops-010,medium,staff,"No domain audit events for staff/HR mutations (payroll, contracts, salary, leave decisions, offboarding)",PARTIAL,,n/a,Same as PRC-M544 (staff/HR domain audit events).,p3b_school_ops
NEW-g6_school_ops-011,medium,institution,Institution standalone server hard-wires in-memory repo and ignores DATABASE_URL,PARTIAL,,n/a,Same as PRC-M289 (standalone institution server).,p3b_school_ops
NEW-g6_school_ops-012,medium,library,Library checkout decrements item.available without a transaction/lock (lost update / over-issue),FULLY_CLOSED,"packages/backend/library/src/library-service.ts, pg-library-repository.ts",library library-ops.test.ts concurrency test (8 passed),Same root cause as PRC-M291.,p3b_school_ops
NEW-g6_school_ops-013,medium,health,Nurse incident create trusts client-supplied reportedBy and institutionId,FULLY_CLOSED,packages/backend/health/src/health-service.ts,health health-service.test.ts nurse-incident tests (49 passed),Same root cause as PRC-M520.,p3b_school_ops
PRC-M189,medium,communication,"Circular/campaign delivery log marks non-WhatsApp channels ""sent"" with fabricated providerRef in eve",FULLY_CLOSED,packages/backend/communication/src/circulars-service.ts;circular-store.ts;pg-circular-store.ts,"circulars-service.test.ts: 'retries only failed delivery rows, resending the real circular body (PRC-M189/L088)' + 'fails closed ... when the retry cannot recover message content' (5 passed)",retryFailed now re-delivers via the channel adapter using the real recovered body; non-whatsapp uses the self-labelled sandbox: ref (no fabricated sandbox-retry:); fails closed when content unrecoverable.,p3c_platform
PRC-M190,medium,communication,Audience is never resolved: circular audienceType/audienceIds ignored; campaign recipient count is a,OPEN,packages/backend/communication/src/circulars-service.ts,sendCircular correctly fans out to explicit ack recipients; audienceType/audienceIds not resolved into recipients,Resolving audienceType/audienceIds into real recipients needs cross-module segment resolvers (enrollment/hostel/transport/guardian expansion) that do not exist in this package; code comments mark them as future work. Large feature — left OPEN (not weakened; explicit acks still deliver correctly).,p3c_platform
PRC-M218,medium,developer-portal,"Sandbox provisioning is a stub: no tenant is created, endpoint URL points nowhere, destroy only flips a flag",OPEN,packages/backend/developer-portal/src/hybrid-repository.ts,sandbox provisioning still a stub (in-memory); no real tenant/endpoint provisioning,"Real sandbox tenant+endpoint provisioning is a large new feature (provision isolated tenant, allocate endpoint, teardown). Not safely implementable in this PR; OPEN.",p3c_platform
PRC-M222,medium,etl,PostgreSQL source/destination and Excel source are stubs that report success,ALREADY_FIXED,"packages/backend/etl/src/connectors/{postgresql-source.ts,postgresql-destination.ts,excel-source.ts}","connectors/not-implemented-connectors.test.ts (PRC-M222, 4 passed): PG/Excel runs marked failed, not completed",PG/Excel connectors now fail closed ('not implemented ... choose a supported connector type') instead of silently reporting success.,p3c_platform
PRC-M225,medium,etl,"Retries re-run full load (non-idempotent), create a row per attempt, no per-pipeline concurrency guard",ALREADY_FIXED,"packages/backend/etl/src/{etl-service.ts,retry-executor.ts,pipeline-scheduler.ts}","run-single-flight.test.ts (PRC-M225, 3 passed): single-flight + idempotent retries settle same run row",Per-pipeline single-flight guard + idempotent retry on the same run row (no row-per-attempt).,p3c_platform
PRC-M226,medium,etl,"Unbounded memory/time: full extraction in RAM, list loads all rows, no fetch timeout, in-memory event log grows",ALREADY_FIXED,packages/backend/etl/src/etl-service.ts,bounded-resources.test.ts (5 passed),Bounded extraction/list + fetch timeout + bounded event log addressed in prior slice.,p3c_platform
PRC-M228,medium,etl,"Cron evaluator: step ranges, day-of-month/day-of-week semantics and timezone are wrong",ALREADY_FIXED,packages/backend/etl/src/pipeline-scheduler.ts,"cron-semantics.test.ts (PRC-M228, 30 passed): step ranges, dom/dow Vixie-OR, weekday 7, IANA timezone, unknown-zone rejection","Cron step ranges, day-of-month/day-of-week semantics and timezone are correct and tested.",p3c_platform
PRC-M306,medium,notification,Retry queue has a publisher but no consumer is started; failed deliveries are never retried,ALREADY_FIXED,packages/backend/notification/src/notification-plugin.ts;apps/api-gateway/src/domain-plugins.ts,notification-plugin-worker.test.ts passes; gateway passes deliveryWorkerQueue: deliveryHandle?.createConsumerAdapter(),Prior slice (g7_platform-003) started the delivery/retry worker onReady and wired the gateway consumer adapter; retry queue now has a running consumer.,p3c_platform
PRC-M307,medium,notification,"Email/SMS ""to"" address is the recipient user id; no address/phone resolution",OPEN,packages/backend/notification/src/notification-service.ts,email/sms 'to' is still recipientUserId; no address/phone resolution,Address/phone resolution needs a user-directory/profile lookup (cross-service) not available in the notification package. Large feature; OPEN.,p3c_platform
PRC-M308,medium,notification,"Delivery marked ""delivered"" for sandbox sends and when no sender/webhookSender is configured",OPEN,packages/backend/notification/src/notification-service.ts,no-sender email/push/sms path still sets success=true -> 'delivered',Honesty is surfaced via getDeliveryCapabilities (sandbox mode) but the status is still 'delivered' for sandbox/no-sender sends. Changing it to a 'sandbox'/'queued' status is a schema+API contract change touching inbox/status consumers; left OPEN to avoid a half-done contract change. Not weakened.,p3c_platform
PRC-M309,medium,notification,Template variables (incl. password-reset links) are persisted in plaintext and returned by inbox/status APIs,ALREADY_FIXED,"packages/backend/notification/src/{notification-service.ts,sensitive-variables.ts}",sensitive-variables.test.ts (16 passed),redactSensitiveVariables persists/returns only redacted values; originals used transiently to deliver. Reset links/OTPs no longer stored or returned in plaintext.,p3c_platform
PRC-M310,medium,notification,"User preferences, quiet hours and digest settings are never consulted when sending",OPEN,packages/backend/notification/src/notification-service.ts;prefs-store.ts,send path does not consult preferences/quietHours/digest,prefs-store exists but NotificationService.send has no prefsStore injected; wiring preference/quiet-hours/digest suppression is a sizeable behavioural feature (and needs digest batching). OPEN.,p3c_platform
PRC-M325,medium,privacy,Legal hold gate covers only students table (DB trigger) and app-level student delete; other subject types are not enforced outside erasure,PARTIAL,packages/backend/privacy/src/legal-hold-gate.ts (+DB trigger),legal-hold DB trigger still only on students table outside erasure,"Erasure-path coverage spans multiple subject types (domain-anonymizers), but the DB-level legal-hold gate outside erasure is still student-only; extending it to all subject tables needs per-table triggers (migrations across many domains, out of this part's table range). PARTIAL.",p3c_platform
PRC-M326,medium,providers,"Providers: only sandbox adapters exist; live SMS/email/push/PSP report liveReady=false, so notifications and payments cannot go live",OPEN,packages/backend/providers/src/*,only sandbox adapters; live SMS/email/push/PSP report liveReady=false,Live provider clients (Twilio/SES/FCM/PSP) are a large integration feature requiring real credentials and network clients; fail-closed sandbox posture is retained. OPEN.,p3c_platform
PRC-M359,medium,shared-pdf-lite,"pdf-lite replaces every non-Latin-1 character with ""?"" (Devanagari/Odia names, rupee sign) on official documents",OPEN,packages/shared/pdf-lite/src/pdf-document.ts,non-Latin-1 chars still replaced with '?',Rendering Devanagari/Odia/₹ requires embedding a Unicode TrueType font (CID font + CMap + glyph subsetting) in the dependency-free writer — a large feature. Current '?' avoids corrupt output (fail-safe). OPEN.,p3c_platform
PRC-M387,medium,survey,Survey: no per-institution authorization on submit; institutionId comes from the body and any tenant user can submit for any institution,PARTIAL,packages/backend/survey/src/* (unmounted),survey suite 41 passed incl PRC-M387 PRC-tagged tests,"Code-level authz/status/date/idempotence fix + test present, but survey is PARKED/unmounted in the gateway; runtime enforcement unverifiable; not mounting in this PR per scope.",p3c_platform
PRC-M388,medium,survey,Survey submit ignores survey status and dates; edits regenerate question IDs; distribute is not idempotent,PARTIAL,packages/backend/survey/src/* (unmounted),survey suite 41 passed incl PRC-M388 PRC-tagged tests,"Code-level authz/status/date/idempotence fix + test present, but survey is PARKED/unmounted in the gateway; runtime enforcement unverifiable; not mounting in this PR per scope.",p3c_platform
PRC-M389,medium,tenant,Theme revision allocation is read-max-then-insert with no unique constraint or lock; concurrent publishes create duplicate revisions,OPEN,"packages/backend/tenant/src/{branding-routes.ts,tenant-service.ts}",theme/branding revision allocation read-max-then-insert without unique/lock,A unique constraint + locked allocation for branding revisions (migration + service) not implemented this PR. OPEN.,p3c_platform
PRC-M391,medium,tenant,Config/theme bypass: create/update accept config.theme and unvalidated locale/security values,PARTIAL,"packages/backend/tenant/src/{config-validation.ts,branding-validation.ts}",config.theme acceptance + locale/security validation residual,config-validation + branding-validation (incl. this PR's URL hardening) cover theme URL injection; full config.theme/locale/security allowlisting is a broader validation feature. PARTIAL.,p3c_platform
PRC-M392,medium,theme,Theme: PUT on a published theme changes live tokens with no revision; rollback bypasses accessibility check and status,PARTIAL,packages/backend/theme/src/* (unmounted),theme suite 95 passed incl PRC-M392 PRC-tagged tests,"Code-level fix + test present in the theme package, but theme is PARKED/unmounted in the gateway (mount-matrix G-605 PARKED) so runtime reachability is unverifiable; not mounting in this PR per scope.",p3c_platform
PRC-M394,medium,theme,"Theme tokens/assets are unconstrained strings (color, shadow, radius, font, keys, logo/favicon URLs) - CSS/URL injection when rendered",PARTIAL,packages/backend/theme/src/* (unmounted),theme suite 95 passed incl PRC-M394 PRC-tagged tests,"Code-level fix + test present in the theme package, but theme is PARKED/unmounted in the gateway (mount-matrix G-605 PARKED) so runtime reachability is unverifiable; not mounting in this PR per scope.",p3c_platform
PRC-M395,medium,theme,"Theme inheritance: any tenant can create a ""platform"" level theme, platform draft tokens apply live, and lookup is per-tenant not global",PARTIAL,packages/backend/theme/src/* (unmounted),theme suite 95 passed incl PRC-M395 PRC-tagged tests,"Code-level fix + test present in the theme package, but theme is PARKED/unmounted in the gateway (mount-matrix G-605 PARKED) so runtime reachability is unverifiable; not mounting in this PR per scope.",p3c_platform
PRC-M502,medium,communication,"Campaign/circular send and emergency confirm are non-atomic check-then-act: double sends, partial se",FULLY_CLOSED,packages/backend/communication/src/circulars-service.ts;circular-store.ts;pg-circular-store.ts,circulars-service.test.ts: 'rejects a concurrent second send so recipients are not double-delivered (PRC-M502)' (one delivery per recipient; second send ConflictError),Added claimCircularForSend (atomic draft->sent compare-and-set) in both stores; sendCircular claims before fan-out.,p3c_platform
PRC-M507,medium,developer-portal,Developer accounts are platform-global but gated only by tenant-admin RBAC; no owner binding on account/sandbox/submission routes,FULLY_CLOSED,"packages/backend/developer-portal/src/{routes.ts,developer-portal-service.ts,developer-portal-repository.ts,pg-durable-store.ts};db/sql/170_developer_portal_account_owner.sql",same as NEW-g7_platform-009,Per-owner binding on account/sandbox/submission/keys/webhooks routes closes the global-namespace IDOR.,p3c_platform
PRC-M529,medium,notification,processEvent swallows all errors silently; send loops sequentially with no recipient cap,OPEN,packages/backend/notification/src/notification-service.ts,"processEvent has no caller; send loops sequential, no recipient cap",Wiring a Kafka consumer to call processEvent and adding a recipient cap / parallelism is a feature slice; processEvent error handling is intentionally per-channel. OPEN.,p3c_platform
PRC-M590,medium,custom-field,User-defined regex executed synchronously on request path (ReDoS) with no length or complexity limit,FULLY_CLOSED,packages/backend/custom-field/src/safe-regex-guard.ts;custom-field-validator.ts,safe-regex-guard.test.ts (10 passed): rejects (a+)+$/(.*)*/adjacent quantifiers/over-long pattern+input/invalid; completes <50ms on ReDoS input,"User regex now goes through safeRegexTest: bounded pattern+input length, catastrophic-shape detection, fail-closed on unsafe/invalid. Package still unmounted (reachability unchanged) but the ReDoS code defect is closed with a test.",p3c_platform
PRC-M592,medium,data-warehouse,"No persistent repository, no SQL/RLS, and package is not mounted anywhere: only in-memory stores exist",OPEN,packages/backend/data-warehouse/src/* (unmounted),no persistent repo/SQL/RLS; package unmounted,Persistence + SQL/RLS + mounting out of scope (do NOT mount). OPEN (unmounted).,p3c_platform
PRC-M593,medium,data-warehouse,Query/publish with unknown time-period labels silently returns ALL data (empty filter treated as no filter),OPEN,packages/backend/data-warehouse/src/* (unmounted),unknown time-period labels return all data,Empty-filter fail-closed semantics not implemented; parked. OPEN (unmounted).,p3c_platform
PRC-M600,medium,notification,Rule engine is dead code: processEvent has no caller; schedule/threshold rules unimplemented,OPEN,packages/backend/notification/src/notification-service.ts,processEvent not invoked; schedule/threshold rules unimplemented,Rule engine invocation (event consumer + scheduler for schedule/threshold rules) is a feature not yet wired. OPEN.,p3c_platform
PRC-M602,medium,plugin,Plugin sandbox (vm) is escapable to host process via Object.constructor; RCE if plugin code ever runs,OPEN,packages/backend/plugin/src/* (unmounted),vm sandbox escapable via Object.constructor; package parked,A hardened isolation (isolated-vm / worker) is a large security feature; package parked/unmounted. OPEN (unmounted).,p3c_platform
PRC-M603,medium,plugin,Plugin routes have no auth/role guard; any caller can register plugins and install/enable for the tenant,OPEN,packages/backend/plugin/src/* (unmounted),plugin routes no auth/role guard; package unmounted,In-package auth guard not added; parked. OPEN (unmounted).,p3c_platform
PRC-M604,medium,plugin,Extension-point registry is in-memory and disconnected from PluginService lifecycle (uninstall/disable don't unregister hooks),OPEN,packages/backend/plugin/src/* (unmounted),"extension-point registry in-memory, disconnected from lifecycle",Lifecycle-coupled registry not implemented; parked. OPEN (unmounted).,p3c_platform
PRC-M612,medium,shared-events,"RabbitMQ retry/delay is ineffective and can lose tasks: no delayed exchange, no confirms, ack-before-republish, swallowed errors",PARTIAL,packages/shared/events/src/*,events-layer delayed exchange/confirms/ack-ordering unconfirmed,#578 added delay buckets/confirms in shared-queue-abstraction; the shared/events retry/delay path was not independently re-verified or changed this PR. PARTIAL.,p3c_platform
PRC-M613,medium,shared-secrets,"@proctira/secrets is unused and unusable as shipped: no concrete AWS/Vault clients, env adapter allowed in prod",ALREADY_FIXED,"packages/shared/secrets/src/adapters/{aws-kms-adapter.ts,vault-adapter.ts,env-adapter.ts}","secrets adapters now include aws-kms-adapter.test.ts, vault-adapter.test.ts, rotation-invalidation.test.ts",Concrete AWS KMS + Vault adapters now exist (were factory/types-only in the audit snapshot). env adapter remains gated by factory posture.,p3c_platform
PRC-M617,medium,data-warehouse,"All warehouse routes rely on an unset request.tenantId and have no authentication, role or scope check",OPEN,packages/backend/data-warehouse/src/* (unmounted),warehouse routes rely on unset request.tenantId; no authn/authz/scope,Auth/tenant-scoping requires mounting with the tenant/auth plugin — out of scope (do NOT mount). OPEN (unmounted).,p3c_platform
PRC-M627,medium,plugin,"Plugin install lets tenant over-consent and skips config/schema, extension-point and status checks on enable",OPEN,packages/backend/plugin/src/* (unmounted),install over-consent; skips config/schema/extension-point/status checks,Not addressed; parked. OPEN (unmounted).,p3c_platform
PRC-M628,medium,plugin,"Sandbox network allow-list is host-name only: '*' permitted, redirects and internal/metadata hosts not blocked (SSRF)",OPEN,packages/backend/plugin/src/* (unmounted),sandbox network allow-list host-name only; '*' permitted; SSRF,"SSRF-hardened allow-list (block internal/metadata/redirects, no '*') not implemented; parked. OPEN (unmounted).",p3c_platform
PRC-M629,medium,plugin,Full domain event data and unbounded payloads are handed to plugin handlers without minimisation or masking,OPEN,packages/backend/plugin/src/* (unmounted),full event data handed to plugins without minimisation/masking,Payload minimisation/masking not implemented; parked. OPEN (unmounted).,p3c_platform
PRC-M633,medium,shared-events,Kafka consumer trusts event.tenantId/payload; topic tenant not verified against message; ensureQueue bypasses tenant builder,PARTIAL,packages/shared/events/src/tenant-scope.ts,tenant-scope asserts tenantId/unscoped names (W1-SEC-11); Kafka topic-vs-message verification unconfirmed,tenant-scope builders fail closed on missing/unscoped tenant; a consumer-side topic-vs-message tenant equality check was not added/verified this PR. PARTIAL.,p3c_platform
PRC-M636,medium,tenant,Branding validation accepts arbitrary strings for CSS-embedded logo/favicon URLs and leaves all other tokens unvalidated (CSS/HTML injection risk downstream),FULLY_CLOSED,packages/backend/tenant/src/branding-validation.ts,branding-validation.test.ts: javascript:/http/protocol-relative/url()-breakout logo+favicon cases rejected (43 passed),External image URLs now require https (or app-relative /path) and reject any url()-breakout chars (quotes/parens/ws/;<>). CSS/HTML injection vector closed.,p3c_platform
PRC-L088,low,communication,Retry of failed WhatsApp delivery sends an empty body and marks it sent,FULLY_CLOSED,packages/backend/communication/src/circulars-service.ts,circulars-service.test.ts asserts bodies==['Please submit forms by Friday.'] on retry (never ''),WhatsApp retry no longer sends body:''; it resends the recovered circular body or fails closed.,p3c_platform
PRC-L089,low,communication,Live audience preview swallows all errors and silently falls back to the fake estimate,OPEN,packages/backend/communication/src/live-audience.ts;audience.ts,preview still silently falls back to estimator on error,"Live counts carry an honestyNote, but query errors fall back to the estimator without surfacing the error to the caller. Surfacing requires an API contract change on the preview response; OPEN (not weakened — fallback is honest-labelled).",p3c_platform
PRC-L096,low,developer-portal,Analytics counts can go negative and week/month buckets use server-local time,OPEN,packages/backend/developer-portal/src/hybrid-repository.ts,analytics still in-memory; counts can go negative; server-local week/month buckets,Analytics persistence + UTC bucketing + non-negative guards are a feature on the still-in-memory analytics surface. OPEN.,p3c_platform
PRC-L097,low,developer-portal,COMPLETE markers on partially in-memory module; no prod assertion for replay store,PARTIAL,packages/backend/developer-portal/src/*,COMPLETE markers on partially in-memory module,"Core entities are durable with a fail-closed prod replay-store assertion, but analytics/docs/ratings remain in-memory. PARTIAL.",p3c_platform
PRC-L098,low,etl,Failure notification and Kafka events are in-memory only; nothing wires real implementations,OPEN,packages/backend/etl/src/*,failure notification + Kafka events in-memory only,Real notification/Kafka wiring is a feature not implemented. OPEN.,p3c_platform
PRC-L099,low,etl,List filter enabled=true/false never matches; page/pageSize not validated,OPEN,packages/backend/etl/src/routes.ts,list filter enabled true/false + page/pageSize validation,Not addressed this PR (etl low-priority list validation). OPEN.,p3c_platform
PRC-L100,low,etl,GET execution ignores :pipelineId in the path,OPEN,packages/backend/etl/src/routes.ts,GET execution ignores :pipelineId path param,Not addressed this PR. OPEN.,p3c_platform
PRC-L101,low,etl,"Connectors, SSRF/authz and cross-tenant repository paths have no tests",PARTIAL,packages/backend/etl/src/*,no connector/SSRF/authz/cross-tenant tests,"Some connector/SSRF tests exist (safe-fetch.test.ts, file-source-lfi.test.ts) but dedicated authz/cross-tenant repository tests were not added this PR. PARTIAL.",p3c_platform
PRC-L102,low,etl,CSV parser splits on newlines before parsing quotes (multi-line quoted fields corrupt rows),ALREADY_FIXED,packages/backend/etl/src/connectors/csv-source.ts,connectors/csv-source.test.ts (10 passed) covers quoted/multi-line fields,CSV parser handles quotes before splitting rows; multi-line quoted fields no longer corrupt rows (dedicated tests present).,p3c_platform
PRC-L136,low,privacy,"Privacy state transitions are read-then-write without row lock or conditional UPDATE (double execute, lost updates)",OPEN,packages/backend/privacy/src/*,state transitions read-then-write without row lock/conditional UPDATE,Conditional-UPDATE/row-lock on privacy state transitions not implemented this PR. OPEN.,p3c_platform
PRC-L164,low,survey,Survey validation gaps: question.validation.pattern never enforced; table/repeater cell values unvalidated; minLength 0 ignored,OPEN,packages/backend/survey/src/* (unmounted),validation.pattern/table/repeater/minLength gaps; package parked,Survey validation gaps unchanged; package parked. OPEN (unmounted).,p3c_platform
PRC-L165,low,survey,Survey submit and reminders are non-atomic: submission then distribution update; reminder publish before count update in sequential loop,OPEN,packages/backend/survey/src/* (unmounted),submit/reminders non-atomic; package parked,Unchanged; parked. OPEN (unmounted).,p3c_platform
PRC-L166,low,survey,"Survey and Theme packages are parked: in-memory repositories only, no SQL tables, not mounted or RBAC-wired",OPEN,"packages/backend/{survey,theme}/src/* (unmounted)","survey & theme parked: in-memory, no SQL tables, not mounted/RBAC-wired",Persistence + mounting + RBAC wiring for parked packages is explicitly out of this PR's scope (do NOT mount). OPEN (parked).,p3c_platform
PRC-L167,low,tenant,"listTenants loads every tenant document, accepts unvalidated page/pageSize/sortBy/search and never applies TenantListQuerySchema",OPEN,packages/backend/tenant/src/pg-tenant-repository.ts,listTenants loads all docs; TenantListQuerySchema not applied,Server-side pagination/sort/search pushdown not implemented this PR. OPEN.,p3c_platform
PRC-L168,low,tenant,publishBranding/rollbackBranding are two non-atomic writes and overwrite tenant config from a stale read,OPEN,packages/backend/tenant/src/*,publishBranding/rollbackBranding two non-atomic writes from stale read,Atomic branding publish/rollback not implemented this PR. OPEN.,p3c_platform
PRC-L169,low,tenant,"Custom domains can be added but there is no verification flow, so they can never resolve",OPEN,packages/backend/tenant/src/*,custom domains have no verification flow,Domain verification flow (DNS/HTTP challenge) is a feature not implemented. OPEN.,p3c_platform
PRC-L170,low,tenant,Any user:manage holder can create a role with '*:manage' and assign it (no ceiling on delegated permissions),OPEN,packages/backend/tenant/src/roles-service.ts,user:manage holder can create '*:manage' role; no delegation ceiling,Permission-ceiling/delegation guard not implemented this PR. OPEN.,p3c_platform
PRC-L171,low,tenant,Roles/user listing loads entire tenant collections and the permission catalog seeds and lists all roles per call; new built-in roles never reach existing tenants,OPEN,packages/backend/tenant/src/*,roles/user listing loads whole collections; seed drift,Pagination + seed-drift reconciliation not implemented this PR. OPEN.,p3c_platform
PRC-L172,low,theme,Theme publish computes next revision number then inserts without transaction/unique constraint; publish body errors silently ignored,PARTIAL,packages/backend/theme/src/* (unmounted),theme publish revision race; silent publish-body errors,Addressed in theme code (revision/rollback tests) but package parked; residual race/silent-error handling tied to parked package. PARTIAL (unmounted).,p3c_platform
PRC-L173,low,theme,"Theme and survey lack audit events for mutations (publish, rollback, delete survey, distribute)",OPEN,"packages/backend/{theme,survey}/src/* (unmounted)",theme & survey lack audit events for mutations,Audit events for parked packages not added; parked. OPEN (unmounted).,p3c_platform
PRC-L209,low,app-etl-worker,"etl-worker mounts pipeline routes without any tenant/auth plugin, so /api/v1/pipelines cannot work (400 TENANT_REQUIRED) and has no authn",OPEN,apps/etl-worker/*,standalone etl-worker has no tenant/auth plugin,etl is mounted with tenant/auth in the gateway; the standalone worker app lacks an auth/tenant plugin. Adding it is an app-wiring feature not done this PR. OPEN.,p3c_platform
PRC-L287,low,communication,Communication audit sink not wired in gateway; localAuditLog grows without bound in process memory,FULLY_CLOSED,packages/backend/communication/src/circulars-service.ts,circulars-service.test.ts: 'bounds the in-process audit fallback log (PRC-L287)' (length==MAX 1000),localAuditLog capped to a 1000-entry ring buffer; durable auditSink remains system of record.,p3c_platform
PRC-L298,low,developer-portal,API keys are minted and hashed but nothing in the platform authenticates with them,OPEN,packages/backend/developer-portal/src/pg-api-key-store.ts,API keys minted/hashed but nothing authenticates with them,Inbound API-key authentication (a gateway auth strategy) is a cross-cutting feature not implemented this PR. OPEN.,p3c_platform
PRC-L299,low,developer-portal,"Limit checks and unique checks are check-then-insert races (keys, webhooks, sandboxes, email, ratings)",OPEN,packages/backend/developer-portal/src/developer-portal-service.ts,limit/unique checks are check-then-insert races,DB unique constraints / transactional guards for keys/webhooks/sandboxes not added this PR. OPEN.,p3c_platform
PRC-L302,low,etl,No audit events for pipeline create/update/delete/execute,OPEN,packages/backend/etl/src/*,no audit events for pipeline create/update/delete/execute,Audit events not added this PR. OPEN.,p3c_platform
PRC-L332,low,notification,Device deletion and preference/device bodies lack ownership check and schema validation,OPEN,packages/backend/notification/src/routes.ts,device/preference bodies lack ownership + schema validation,Ownership+schema validation on device/pref routes not added this PR. OPEN.,p3c_platform
PRC-L333,low,notification,getDeliveryCapabilities is hard-coded to sandbox regardless of env; retry attempts off-by-one vs configured maximum,OPEN,packages/backend/notification/src/notification-service.ts,getDeliveryCapabilities hard-codes sandbox; retry off-by-one unverified,Env-driven capability reporting + retry-count audit not changed this PR. OPEN.,p3c_platform
PRC-L336,low,privacy,"No in-package authorization or separation of duties: one actor can request, approve, execute erasure and release legal holds",OPEN,packages/backend/privacy/src/*,no separation of duties on erasure/legal-hold,SoD (distinct request/approve/execute/release actors) is a workflow feature not implemented this PR. OPEN.,p3c_platform
PRC-L369,low,tenant,"Public tenant resolver does a full-table scan of all tenant/domain documents on every anonymous request, uncached",OPEN,packages/backend/tenant/src/public-tenant-resolver.ts,"full-table scan per anonymous request, uncached",Caching/index-backed resolver not implemented this PR. OPEN.,p3c_platform
PRC-L370,low,tenant,Tenant settings and gateway branding/assets store logoUrl without scheme or host validation (comment claims it was validated),FULLY_CLOSED,packages/backend/tenant/src/branding-validation.ts,"branding-validation.test.ts: 'rejects an http:// (non-https) logo URL', protocol-relative //host rejected",logoUrl/faviconUrl scheme+shape validated (https/app-relative only); comment now matches behaviour.,p3c_platform
PRC-L371,low,tenant,"deleteTenant, deleteRole, ensureSeeded and inviteUser are multi-step non-atomic writes with check-then-insert races",OPEN,packages/backend/tenant/src/*,deleteTenant/deleteRole/ensureSeeded/inviteUser non-atomic,Transactional multi-step writes not implemented this PR. OPEN.,p3c_platform
PRC-L372,low,tenant,Domain removal and lifecycle inputs partly ignored: decommission exportData flag and 'sessions invalidated' promises have no implementation,OPEN,packages/backend/tenant/src/*,decommission exportData flag + 'sessions invalidated' unimplemented,Lifecycle promise implementation is a feature not done this PR. OPEN.,p3c_platform
PRC-L446,low,custom-field,Custom-field routes have no in-package authz; value read/write on student/staff records depends sole,OPEN,packages/backend/custom-field/src/* (unmounted),custom-field routes have no in-package authz; package unmounted,In-package authz for a parked package out of scope (do NOT mount). OPEN (unmounted).,p3c_platform
PRC-L447,low,custom-field,Custom-field list query is not validated: pageSize uncapped and isActive string breaks filter,OPEN,packages/backend/custom-field/src/* (unmounted),"list query validation (pageSize uncapped, isActive string) unchanged",Not addressed this PR; parked. OPEN (unmounted).,p3c_platform
PRC-L448,low,custom-field,"Definition update can strip dropdown options / rules, and date validator accepts impossible dates",OPEN,packages/backend/custom-field/src/custom-field-validator.ts (unmounted),definition update strips options/rules; date validator accepts impossible dates,Not addressed this PR (M590 ReDoS was the prioritised custom-field fix). OPEN (unmounted).,p3c_platform
PRC-L449,low,custom-field,Custom values are stored for any entityId without existence check and are never erased with the enti,OPEN,packages/backend/custom-field/src/* (unmounted),values stored for any entityId with no existence check; not erased with entity,Entity existence check + erasure wiring not implemented; parked. OPEN (unmounted).,p3c_platform
PRC-L450,low,custom-field,Custom-field package is memory-only and unmounted; documented single-value route and `file` type are,OPEN,packages/backend/custom-field/src/* (unmounted),package memory-only and unmounted; single-value route + file type documented-only,Persistence + mounting out of scope (do NOT mount). OPEN (unmounted).,p3c_platform
PRC-L453,low,data-warehouse,"deleteWarehouse does not cascade or guard: child indicators, data records, GIS layers, translations are orphaned",OPEN,packages/backend/data-warehouse/src/* (unmounted),deleteWarehouse no cascade/guard,Cascade/guard not implemented; package unmounted. OPEN (unmounted).,p3c_platform
PRC-L457,low,data-warehouse,"Shapefile layers are not parsed: layerType ""shapefile"" expects base64 JSON FeatureCollection; no PostGIS, CRS or geometry validation; supportedCRS unused",OPEN,packages/backend/data-warehouse/src/* (unmounted),shapefile layers unparsed; no PostGIS/CRS validation,Shapefile/PostGIS parsing is a large GIS feature; parked. OPEN (unmounted).,p3c_platform
PRC-L464,low,developer-portal,Webhook delivery retry state is not crash-safe and processing is not idempotent,PARTIAL,packages/backend/developer-portal/src/developer-portal-service.ts,retry crash-safety depends on queue redelivery; idempotent status skip exists,"Delivery is idempotent (delivered/failed skipped) and retry state is in Postgres, but full crash-safety still relies on queue redelivery guarantees. PARTIAL.",p3c_platform
PRC-L465,low,developer-portal,Delivery uses job.url and ignores webhook.active/current URL: disabled or re-pointed webhooks still receive data,FULLY_CLOSED,packages/backend/developer-portal/src/developer-portal-service.ts,webhook-outbox-delivery.test.ts current-URL regression test (2 passed),Disabled/re-pointed webhooks no longer receive data at the stale captured URL; URL re-validated at send time.,p3c_platform
PRC-L466,low,developer-portal,Tests use a mock pool and no cross-tenant/ownership/RLS or SSRF cases for developer portal,PARTIAL,packages/backend/developer-portal/src/*,no SSRF/cross-tenant/RLS cases confirmed,webhook-ssrf.wiring.test.ts and signature/durability tests exist; dedicated cross-tenant/RLS cases were not added this PR. PARTIAL.,p3c_platform
PRC-L477,low,plugin,"Plugin audit entries go to a plugin-local table, register is logged under fake tenant 'system'",OPEN,packages/backend/plugin/src/* (unmounted),plugin audit to plugin-local table; register under fake tenant 'system',Not addressed; parked. OPEN (unmounted).,p3c_platform
PRC-L478,low,plugin,Plugin install/uninstall and policy update are multi-step writes with no transaction or uniqueness guarantee,OPEN,packages/backend/plugin/src/* (unmounted),install/uninstall/policy multi-step non-atomic,Not addressed; parked. OPEN (unmounted).,p3c_platform
PRC-L479,low,plugin,"No tests for authz, cross-tenant isolation on evaluate, sandbox escape, or concurrency",OPEN,packages/backend/plugin/src/* (unmounted),no authz/cross-tenant/sandbox-escape/concurrency tests,Not addressed; parked. OPEN (unmounted).,p3c_platform
PRC-L480,low,plugin,"Semver range matcher is partial: no OR (||), x-ranges, hyphen ranges, or spaced operators; prerelease compare ignores identifiers",OPEN,packages/backend/plugin/src/* (unmounted),partial semver matcher,Not addressed; parked. OPEN (unmounted).,p3c_platform
PRC-L481,low,plugin,Plugin registry allows only unversioned name registration; no update/deprecate/remove path and status hard-set 'active',OPEN,packages/backend/plugin/src/* (unmounted),registry unversioned-only; status hard-set active; no update/deprecate/remove,Not addressed; parked. OPEN (unmounted).,p3c_platform
PRC-L489,low,shared-cdn,CDN adapters are stubs that report success (invalidate/healthCheck never call the CDN); tests assert the stub,OPEN,packages/shared/cdn/src/adapters/*,CDN adapters stubs reporting success,Real CDN invalidate/healthCheck clients are an integration feature; not implemented this PR. OPEN.,p3c_platform
PRC-L494,low,shared-search-index,"search-index is an unwired in-memory stub: defaults silently to memory, postgres adapter throws, no service imports it",OPEN,packages/shared/search-index/src/*,search-index in-memory stub; postgres adapter unimplemented; unwired,Concrete postgres search adapter + service wiring is a feature not implemented this PR. OPEN.,p3c_platform
PRC-L548,low,data-warehouse,Database import format is a stub that still accepts DB credentials and a raw SQL query in the request body,OPEN,packages/backend/data-warehouse/src/import-service.ts (unmounted),database import accepts DB creds + raw SQL in request body,Import redesign (no creds/raw SQL in body) not done this PR; parked. OPEN (unmounted).,p3c_platform
PRC-L552,low,data-warehouse,Repository contract relies on caller-supplied tenantId with no defence in depth; no cross-tenant tests,OPEN,packages/backend/data-warehouse/src/* (unmounted),repository trusts caller tenantId; no cross-tenant tests,Defence-in-depth + cross-tenant tests not added; parked. OPEN (unmounted).,p3c_platform
PRC-L553,low,data-warehouse,Publishing exposes a full data snapshot with no consent/visibility gate; publish history and payload returned to caller,OPEN,packages/backend/data-warehouse/src/* (unmounted),"publish exposes full snapshot, no consent/visibility gate",Consent/visibility gate not implemented; parked. OPEN (unmounted).,p3c_platform
PRC-L554,low,data-warehouse,"Translation values: unique key excludes empty-string values, language codes and field names unvalidated, delete of translations not linked to entity deletion",OPEN,packages/backend/data-warehouse/src/* (unmounted),translation unique-key/validation gaps,Not addressed; parked. OPEN (unmounted).,p3c_platform
PRC-L559,low,developer-portal,Analytics endpoint and delivery listings persist/return arbitrary payloads and metadata without redaction or retention,OPEN,packages/backend/developer-portal/src/*,analytics/delivery payloads persisted/returned without redaction/retention,Redaction/retention on analytics+delivery payloads not implemented this PR. OPEN.,p3c_platform
PRC-L575,low,notification,Webhook channel accepts arbitrary client URL with no validation (SSRF-ready) and no sender wired,ALREADY_FIXED,packages/backend/notification/src/notification-service.ts,webhook-delivery-ssrf.test.ts (4 passed),Webhook channel validates the URL via assertPublicHttpsUrlShape (SSRF guard) and fails closed when no webhookSender is configured (no silent success). Same fix as PRC-M575.,p3c_platform
PRC-L576,low,notification,Delivery has no claim/lock: concurrent or redelivered jobs can double-send; mark-read overwrites any status,OPEN,packages/backend/notification/src/notification-service.ts,delivery has no claim/lock; mark-read can overwrite status,A delivery claim/lock + mark-read status guard not implemented this PR. OPEN.,p3c_platform
PRC-L577,low,notification,"Standalone server has no auth/tenant middleware, uses in-memory repo, and /ready is unconditional",OPEN,packages/backend/notification/src/standalone-server.ts,standalone server unauthenticated/in-memory; /ready unconditional,Auth/tenant middleware + durable repo + conditional /ready for the standalone server is an app-wiring feature not done this PR. OPEN.,p3c_platform
PRC-L580,low,shared-cdn,CDN url-builder does not sanitise '..' or tenantId; nginx purge concatenates baseUrl + caller path,OPEN,packages/shared/cdn/src/url-builder.ts,url-builder does not sanitise '..'/tenantId; nginx purge concatenates path,Path-traversal sanitisation in the CDN url-builder not implemented this PR. OPEN.,p3c_platform
PRC-L591,low,tenant,"No cross-tenant/negative-authorization tests for roles, settings, branding routes; no concurrency tests",OPEN,packages/backend/tenant/src/*,no cross-tenant/negative-authz tests for roles/settings/branding,Dedicated cross-tenant/negative-authz/concurrency tests not added this PR. OPEN.,p3c_platform
NEW-g7_platform-005,medium,developer-portal,"Webhook delivery uses stale enqueued job.url, ignoring current webhook URL/active changes",FULLY_CLOSED,packages/backend/developer-portal/src/developer-portal-service.ts,"webhook-outbox-delivery.test.ts: 'delivers to the CURRENT webhook URL, not the stale enqueued job URL' (urls==['https://new.example.com/hooks'])","processQueuedDelivery now POSTs to the re-read webhook.url (re-validated via assertPublicHttpsUrlShape), not job.url.",p3c_platform
NEW-g7_platform-008,medium,tenant,"Branding logo/favicon URLs and theme tokens are unvalidated, enabling CSS/HTML injection downstream",FULLY_CLOSED,packages/backend/tenant/src/branding-validation.ts,branding-validation.test.ts injection suite (6 new cases) pass,isSafeExternalImageUrl enforces https + url()-safe grammar for logo/favicon before persist.,p3c_platform
NEW-g7_platform-009,medium,developer-portal,Developer accounts are platform-global but account/sandbox/submission routes have no owner binding,FULLY_CLOSED,"packages/backend/developer-portal/src/{routes.ts,developer-portal-service.ts,developer-portal-repository.ts,pg-durable-store.ts};db/sql/170_developer_portal_account_owner.sql","routes-query-validation.test.ts: 'rejects access to an account owned by a different principal (NEW-g7_platform-009/PRC-M507)' (403 for attacker, 200 for owner); 138 dev-portal tests pass; live pg: owner_user_id column + idempotent re-apply + strict-FK live PASS","Added ownerUserId to accounts (migration 170, platform-scoped additive nullable + CHECK), captured from authenticated sub at creation, and a preHandler ownership guard on all :accountId routes (platform-staff bypass; null-owner legacy rows staff-only).",p3c_platform
PRC-M008,medium,app-api-gateway,Attendance percentage computed three different ways; 'today' uses DB UTC date; board rollup is all-time,OPEN,apps/api-gateway/src/board-summary.ts,n/a,Not addressed: unifying three attendance-% definitions + tenant-tz 'today' + shared helper is a cross-file gateway refactor (board-summary/institution-directory/institution-overview) needing a product definition of 'attendance rate'; deferred to avoid an unsafe partial unification.,p3d_auth_gateway
PRC-M012,medium,app-api-gateway,trustProxy defaults to false and no k8s manifest sets TRUSTED_PROXY_CIDRS: anonymous rate-limit bucket and audit IP collapse,OPEN,"apps/api-gateway/src/app.ts, infra/k8s",n/a,Not addressed: requires deployment manifest changes (TRUSTED_PROXY_CIDRS) outside this part's package scope + a boot warning; left OPEN to avoid touching infra owned elsewhere.,p3d_auth_gateway
PRC-M013,medium,app-api-gateway,Gateway mutation audit stores only a body hash and placeholder before-values; only two path prefixes audit atomically,OPEN,apps/api-gateway/src/mutation-audit.ts,n/a,Not addressed: expanding atomic same-txn audit to grades/attendance/staff/student/scholarship/tenant-admin + success/failure outcome field is a large gateway+audit change; deferred.,p3d_auth_gateway
PRC-M014,medium,app-api-gateway,Fail-closed audit hook replaces the response with 503 after the mutation has already committed,OPEN,apps/api-gateway/src/app.ts,n/a,Not addressed: pre-check/same-txn audit for all sensitive routes + caching 5xx for keyless retries is a broad gateway change; current post-mutation 503 behaviour retained (fail-closed) for non-atomic paths.,p3d_auth_gateway
PRC-M015,medium,app-api-gateway,Gateway RBAC and UI role checks use role names that the Keycloak realm never defines,OPEN,apps/api-gateway/src/rbac-registry.ts,n/a,"Not addressed: a shared role catalogue + realm-parity test + hyphen/underscore normalization spanning gateway rbac-registry, keycloak/roles.ts and health-ui-plugin is cross-cutting; keycloak/roles.ts already drops unknown roles (fail-closed) so no privilege leak, but the drift/parity test is not added.",p3d_auth_gateway
PRC-M016,medium,app-api-gateway,Admissions offers create student master records with guardian PII for every applicant and never remove them on decline/expiry,OPEN,apps/api-gateway/src/domain-plugins.ts,n/a,"Not addressed: admissions student-master retention/erasure on decline/expiry edits ensureAdmissionsStudentProfile/reconcileAdmissionsOfferResourcesHook in domain-plugins.ts, which the task flags as a file other parts may touch (avoid broad refactor); DPDP minimisation needs a product/retention decision. Left OPEN.",p3d_auth_gateway
PRC-M022,medium,app-api-gateway,Engine-backed workflow UI lists silently truncate at 200 rows,PARTIAL,apps/api-gateway workflow-ui-engine-store,n/a,Not changed this part: gw-mix1-workflow-paging.test.ts already exists; full pagination contract (meta.totalItems beyond 200) with server-side sort not completed; default pageSize 200 remains. Left PARTIAL.,p3d_auth_gateway
PRC-M026,medium,app-api-gateway,SCIM loads the whole tenant directory for every request; Group PATCH is a non-atomic read-modify-write loop,OPEN,apps/api-gateway/src/scim-plugin.ts,n/a,"Not addressed: SCIM O(N^2) allUsers() + non-atomic Group PATCH needs a getUser(id) + row-locked batch role update on RolesService; sizeable, deferred.",p3d_auth_gateway
PRC-M027,medium,app-api-gateway,SCIM authenticates with an interactive admin JWT; deprovision only flips directory status,OPEN,apps/api-gateway/src/scim-plugin.ts,n/a,Not addressed: deprovision token/session revocation wiring + dedicated hashed SCIM token is a new auth surface; deferred.,p3d_auth_gateway
PRC-M176,medium,audit,Hash chain accepts unchained audit rows (verifier treats them as 'legacy'); scholarship inserts directly,FULLY_CLOSED,"packages/backend/audit/src/audit-hash.ts,pg-audit-repository.ts,in-memory-repository.ts",backend-audit audit-hash-chain.test.ts: 'fails strict verification on an unchained row inserted after cutover' + 'tolerates genuine pre-chain legacy rows' pass,Added strict mode: unchained (chain_seq NULL) rows at/after genesis timestamp fail verification (unchainedAfterCutover>0 => valid=false). PG verifyChain + in-memory verifyChain use strict. Pre-genesis legacy still tolerated.,p3d_auth_gateway
PRC-M179,medium,auth,Every Keycloak principal gets ROOT area and no institution on roles: area/institution RBAC scope is a no-op,PARTIAL,"packages/backend/auth/src/keycloak/verify.ts,plugin.ts,roles.ts (area dimension unchanged)",n/a,Same as NEW-g4_apps_auth-004: institution scope already per-user/fail-closed; area=ROOT no-op needs new schema + shared-RBAC change out of scope.,p3d_auth_gateway
PRC-M181,medium,auth,"JWKS client: unknown kid forces network refetch per request, no timeout/coalescing",FULLY_CLOSED,packages/backend/auth/src/keycloak/verify.ts,"backend-auth verify.test.ts: 'KeycloakJwksClient hardening' 5 tests (negative-cache, cooldown, in-flight coalescing, fetch timeout, atomic swap) pass","JWKS client now: AbortSignal.timeout fetch, 30s forced-refresh cooldown, single in-flight promise, negative-cache unknown kids, build-then-swap map (no empty-map window).",p3d_auth_gateway
PRC-M182,medium,auth,"Invite flow is create-only: no accept/redeem endpoint, no role assignment; roleId is a UUID that never maps to Keycloak roles",OPEN,packages/backend/auth/src/invite/routes.ts,n/a,Not addressed: adding an invite accept/redeem endpoint + role assignment + mapping roleId to Keycloak roles + email sending is a new feature flow needing product decisions; deferred.,p3d_auth_gateway
PRC-M183,medium,auth,"No tests for login/refresh/logout routes, MFA routes, invite routes, auth-plugin, or Keycloak plugin authenticate",OPEN,packages/backend/auth/src tests,n/a,Not addressed: HTTP-level tests for MFA/invite/local login-refresh-logout routes not added this session (focused test budget spent on JWKS/refresh-token/senderRole/audit/workflow/policy). Deferred.,p3d_auth_gateway
PRC-M314,medium,parent-portal,Client-supplied senderRole lets any authenticated user post as staff/system and skip the guardian-link check,FULLY_CLOSED,"packages/backend/parent-portal/src/parent-portal-messaging-access.ts,schemas.ts,routes.ts","backend-parent-portal message-sender-role.routes.test.ts (3 tests): client senderRole ignored->'parent', teacher->'staff', unlinked parent rejected",senderRole dropped from AddMessageSchema; derived from JWT roles server-side; non-staff always link-checked.,p3d_auth_gateway
PRC-M315,medium,parent-portal,"Consent decide/withdraw/supersede and fallback pay perform close+insert as separate transactions (races, orphaned closed versions)",OPEN,packages/backend/parent-portal/src/parent-portal-service.ts,n/a,Not addressed: single-transaction appendConsentVersion (close+insert) with WHERE valid_to IS NULL and 23505->409 requires a repo-level transactional method + pg store work (and live DB tests). Deferred.,p3d_auth_gateway
PRC-M316,medium,parent-portal,Missing-table/column errors in academic reads are swallowed and shown as empty data,OPEN,packages/backend/parent-portal/src/pg-academic-visibility-store.ts,n/a,"Not addressed: stop swallowing 42P01/42703 as empty 200 (log+metric+meta.degraded, never swallow 42703) needs pg store changes + readiness check; deferred.",p3d_auth_gateway
PRC-M317,medium,parent-portal,"Money and date inputs weakly validated: fractional/huge amountCents, unparsed dueAt",FULLY_CLOSED,"packages/backend/parent-portal/src/schemas.ts,parent-portal-service.ts","backend-parent-portal money-date-validation.test.ts (6 tests): fractional/huge amountCents rejected, bad dueAt rejected, valid accepted",amountCents -> Type.Integer bounded; dueAt -> ISO-8601 pattern; service rejects Invalid Date (422).,p3d_auth_gateway
PRC-M318,medium,parent-portal,Withdraw reason is validated then dropped; consent withdrawal stores no reason or channel,OPEN,packages/backend/parent-portal/src/parent-portal-service.ts,n/a,Not addressed: persisting withdrawal reason/decided_via needs new columns on parent_consents (a migration in my 180-189 range + repo + live tests). Deferred to keep scope focused and avoid an under-tested migration.,p3d_auth_gateway
PRC-M319,medium,parent-portal,"No API to provision households, custody or restrictions, and no staff messaging endpoints; fail-closed model unusable without SQL seeds",OPEN,packages/backend/parent-portal/src/routes.ts,n/a,Not addressed: exposing household/custody/restriction provisioning + staff messaging routes is a sizeable new API surface; service methods exist but routes/product shape need definition. Deferred.,p3d_auth_gateway
PRC-M330,medium,registration,"Document upload is metadata-only: base64 content is accepted, hashed and then discarded; type/size are client-declared",OPEN,"packages/backend/registration/src/schemas.ts,registration-service.ts",n/a,Not addressed: real multipart/pre-signed upload with server-side MIME-sniff/AV (or 501/hide) is a storage-integration feature; deferred.,p3d_auth_gateway
PRC-M332,medium,registration,No per-identifier throttle or bot control on anonymous submit and tracking-status endpoints,PARTIAL,"packages/backend/registration/src/routes.ts,public-throttle.ts",n/a,Not changed this part: gateway global per-IP limiter + optional bot hook exist; a mandatory per-identifier (IP+tracking) throttle and required proof-of-work are not enforced. Remains PARTIAL.,p3d_auth_gateway
PRC-M335,medium,registration,Read-modify-write updates with no version check; enquiry conversion and merit-list regeneration are not concurrency-safe,OPEN,packages/backend/registration/src/pipeline/pipeline-service.ts,n/a,Not addressed: optimistic version + locked txn for updateEnquiry/convertEnquiry + merit-list quota filter needs pipeline + pg store rework and live tests; deferred.,p3d_auth_gateway
PRC-M457,medium,workflow,Transition is non-atomic and has no locking or optimistic version: lost updates / double transitions,FULLY_CLOSED,"packages/backend/workflow/src/workflow-repository.ts,pg-workflow-repository.ts,in-memory-repository.ts,cached-workflow-repository.ts,workflow-service.ts","backend-workflow transition-concurrency.test.ts (2 tests): stale conditional update rejected; two concurrent approvals -> exactly one wins, other 409, gate not double-advanced",updateInstance gains optimistic guard (expected currentStateId+approvalCount); PG uses conditional UPDATE WHERE current_state_id=$ AND jsonb_array_length(approvals)=$; service fails closed with ConflictError and writes audit only after the guarded update commits.,p3d_auth_gateway
PRC-M458,medium,workflow,Standalone workflow server always uses in-memory repository and has no tenant/auth context (every route 400),OPEN,packages/backend/workflow/src/standalone-server.ts,n/a,Not addressed: standalone server uses in-memory repo and lacks tenant/auth context; wiring real repo + auth is a server-bootstrap change; deferred (dev/standalone surface).,p3d_auth_gateway
PRC-M459,medium,workflow,Case attachments accept client-supplied storagePath/uploadedBy with no validation; sensitive case metadata unrestricted,PARTIAL,"packages/backend/workflow/src/case-service.ts,case-schemas.ts",n/a,Not changed this part: #576 scoped case access shipped; server-side validation of case-attachment storagePath/uploadedBy not independently confirmed/added. Remains PARTIAL.,p3d_auth_gateway
PRC-M460,medium,workflow,"Case PUT can set status 'resolved' without a resolution record, and case lifecycle allows skipping review",OPEN,packages/backend/workflow/src/case-service.ts,n/a,Not addressed: enforcing a resolution record before status 'resolved' + no-skip lifecycle is a case-state-machine change; deferred.,p3d_auth_gateway
PRC-M461,medium,workflow,Transition conditions and instance/definition entityType are never enforced,OPEN,packages/backend/workflow/src/workflow-service.ts,n/a,Not addressed: enforcing transition conditions and instance/definition entityType in transition() needs a condition evaluator + entityType check; deferred (separate from the atomicity fix landed for M457).,p3d_auth_gateway
PRC-M462,medium,workflow,Definition update/delete affect live instances; no uniqueness of active instance per entity; escalation scheduling is a dual write,OPEN,packages/backend/workflow/src/workflow-service.ts,n/a,"Not addressed: definition update/delete vs live instances, active-instance uniqueness, and escalation dual-write-vs-outbox are design changes; deferred.",p3d_auth_gateway
PRC-M463,medium,workflow,"No concurrency, actor-authz or worker-wiring tests for the approval engine",PARTIAL,packages/backend/workflow/src/transition-concurrency.test.ts,transition-concurrency.test.ts adds concurrency + actor-interleaving tests for the approval engine,Concurrency test added (closes the concurrency gap). Actor-authz already covered by routes-actor.test.ts and worker-wiring by escalation-worker.wiring.test.ts (pre-existing). Marked PARTIAL only because the finding bundled broader coverage expectations I did not exhaustively expand.,p3d_auth_gateway
PRC-M465,medium,app-api-gateway,"Board rollup metrics are mislabeled or over-broad (LMS 'completion', fees, enrolment fallback)",PARTIAL,apps/api-gateway/src/board-summary.ts,n/a,"Not changed this part: lmsCompletionPercent mislabel, fees refund-netting, enrolment fallback and two-board isolation fixtures remain; related to M008 board rollup; deferred.",p3d_auth_gateway
PRC-M497,medium,auth,Public /auth/mfa/otp/send trusts client tenantId/userId/phone; challenge not bound to a login,PARTIAL,packages/backend/auth/src/mfa-routes.ts,n/a,Not changed this part: otp-service already HMAC+pepper+timingSafeEqual; binding the OTP challenge to a prior primary-auth step and ignoring body identity requires reworking mfa-routes + gateway wiring (tokenService/sessionService). Deferred; remains PARTIAL.,p3d_auth_gateway
PRC-M531,medium,parent-portal,"Self-service linkChild lets the caller set their own authority flags (canConsentMedical, canViewFees, isPrimary) and householdId",FULLY_CLOSED,"packages/backend/parent-portal/src/parent-portal-service.ts,routes.ts",backend-parent-portal parent-portal-service.test.ts: 'self-service link ... pending (M531)' + staff provisioning tests pass,"linkChild gains isStaff option; self-service -> status 'pending', all authority flags false, householdId null; only staff may assert flags/active.",p3d_auth_gateway
PRC-M532,medium,parent-portal,Parent 'pay' accepts client-chosen method (cash/upi/card) and settles via always-succeeding sandbox adapter; fallback path never verifies funds,PARTIAL,"packages/backend/parent-portal/src/schemas.ts (PayInvoiceSchema), parent-portal-service.ts",existing parent-portal-service.test.ts fees-sandbox tests pass (method restricted to 'sandbox'); idempotencyKey present,Payer-chosen method already fixed: PayInvoiceSchema only allows Type.Literal('sandbox') (cash/upi/card rejected as 400) and idempotencyKey is forwarded; production provider mode fails closed. Residual: confirming the in-package fallback settle path is fully removed was not re-verified end-to-end this part.,p3d_auth_gateway
PRC-M533,medium,parent-portal,"No mutation in the parent portal emits an audit event (consents, links, invoice void, payments, messages)",PARTIAL,packages/backend/parent-portal/src/parent-portal-service.ts,n/a,Not changed this part: gateway global onSend audit already records parent-portal mutations and fails closed for 'parent'. Domain-level same-txn before/after audit (inject AuditPort) not added. Remains PARTIAL.,p3d_auth_gateway
PRC-M534,medium,parent-portal,Attendance percentage computed from only the latest 30 rows and counts excused as non-attended,OPEN,packages/backend/parent-portal/src/pg-academic-visibility-store.ts,n/a,Not addressed: compute attendance % in SQL over the academic period (COUNT FILTER) and align excused handling needs pg store rework + live tests; deferred.,p3d_auth_gateway
PRC-M535,medium,parent-portal,Guardian offer list/accept keyed on unverified JWT email claim; client-supplied paymentRef forwarded unchecked,PARTIAL,packages/backend/parent-portal/src/routes.ts,n/a,Not changed this part: guardian offer accept still keys on JWT email without requiring email_verified===true at this layer. Requiring email_verified is a small change but intersects registration H079/M538 and IdP claim shape; left PARTIAL pending that cross-check.,p3d_auth_gateway
PRC-M536,medium,parent-portal,"List queries unbounded (invoices, payments, receipts, plans, threads, messages, consents) and every repository call awaits ensureSchema",OPEN,packages/backend/parent-portal/src/pg-parent-portal-repository.ts,n/a,Not addressed: adding limit/cursor caps to all list queries (repo + route schemas) is broad; deferred.,p3d_auth_gateway
PRC-M537,medium,registration,"Offer accept/decline/expiry side effects (enrolment, invoice void, waitlist dequeue) are non-atomic with the status write",PARTIAL,packages/backend/registration/src/pipeline/pipeline-service.ts,n/a,"Not changed this part: accept idempotent and decline status-guarded already; atomic one-txn dequeue+createOffer, non-swallowed waitlist promotion, and moving expiry off read paths remain. Remains PARTIAL.",p3d_auth_gateway
PRC-M538,medium,registration,No consent/purpose capture or retention control for minors' PII collected by public form; guardian offers matched by JWT email string,OPEN,"packages/backend/registration/src/schemas.ts,pipeline-service.ts",n/a,Not addressed: parental consent/purpose capture + retention/erasure for minors' PII + email_verified for guardian match is a DPDP feature needing schema + product decisions; deferred.,p3d_auth_gateway
PRC-M585,medium,auth,Refresh tokens persisted in plaintext and looked up by raw value,FULLY_CLOSED,packages/backend/auth/src/refresh-token-store.ts,backend-auth refresh-token-store.test.ts: 'never persist raw token (M585)' + findByToken-by-hash pass,Refresh tokens stored/looked up as SHA-256(token); raw value never persisted. Store is latent (local-auth not mounted) but fix is in the production store code path.,p3d_auth_gateway
PRC-M586,medium,auth,"Local-auth stack (registerAuthRoutes, Prisma session/refresh stores, lockout) and external IdP routes are exported but not mounted by the gateway",OPEN,packages/backend/auth/src/index.ts,n/a,Not addressed: mounting (or formally removing/experimental-flagging) the local-auth + external IdP stack is a gateway wiring + product decision; left OPEN. Note M585/L444 fixes still land in that code path.,p3d_auth_gateway
PRC-M587,medium,auth,SAML provider performs no signature validation; regex-parses XML; RelayState optional (forgeable assertions),PARTIAL,packages/backend/auth/src/external-providers/saml-provider.ts,n/a,Not changed this part: SAML DefaultSAMLResponseParser still regex-parses with no XML-DSig/InResponseTo/replay checks; integrating node-saml is a dependency+feature change. Unmounted today (latent). Remains PARTIAL.,p3d_auth_gateway
PRC-M589,medium,auth,"External IdP handler auto-links and auto-provisions by unverified email by default; state is process-local, not browser-bound",PARTIAL,packages/backend/auth/src/external-providers/external-auth-handler.ts,n/a,Not changed this part: emailVerified gating already in place; residual browser-bound signed-cookie state + one-time ticket token delivery not implemented. Unmounted today. Remains PARTIAL.,p3d_auth_gateway
PRC-M601,medium,parent-portal,No route-level tests for role separation on fee/consent/messaging routes; tests exercise the service directly with in-memory repo,PARTIAL,packages/backend/parent-portal/src/message-sender-role.routes.test.ts (new),"Added message-sender-role.routes.test.ts (Fastify inject, role-separation for messaging incl. M314)",A route-level role-separation suite for messaging is now added (covers M314). A full fee/consent cross-tenant inject suite + consent concurrency live tests are not fully built out. Remains PARTIAL.,p3d_auth_gateway
PRC-M606,medium,policy,Policy routes (incl. create/activate/assign of security policies) have no role check,OPEN,"packages/backend/policy/src/routes.ts,policy-plugin.ts",n/a,Not addressed: policy package is not mounted in the gateway; adding in-package role checks (requireRole/requirePermission) across create/activate/assign is doable but the package is parked and lacks an auth context contract here. Left OPEN (parked surface).,p3d_auth_gateway
PRC-M607,medium,policy,"Policy evaluate accepts tenantId from request body, overriding caller's tenant",FULLY_CLOSED,"packages/backend/policy/src/routes.ts,schemas.ts",backend-policy routes.test.ts: 'POST /policies/evaluate tenant binding (M607)' — body tenantId ignored,tenantId removed from PolicyEvaluationRequestSchema; evaluate uses only JWT-derived tenantId.,p3d_auth_gateway
PRC-M608,medium,policy,Policy mutations produce no audit event and version createdBy is always null,OPEN,packages/backend/policy/src/policy-service.ts,n/a,Not addressed: policy mutations emit no audit event and version.createdBy is null; wiring an AuditPort + threading actorId through create/update is deferred (parked package).,p3d_auth_gateway
PRC-M609,medium,policy,Policy rules are never validated against per-type schemas; policy type/scope/assignment consistency unchecked,OPEN,"packages/backend/policy/src/policy-service.ts,schemas.ts",n/a,Not addressed: validating policy.rules against per-type schemas + type/scope/assignment consistency is a validation feature; deferred.,p3d_auth_gateway
PRC-M610,medium,policy,"'Platform' policy scope is tenant-owned, so platform-level inheritance cannot work and any tenant can author 'platform' policies",OPEN,packages/backend/policy/src/policy-service.ts,n/a,Not addressed: 'platform' scope being tenant-owned (so any tenant can author platform policies / inheritance broken) is a data-model/ownership decision; deferred.,p3d_auth_gateway
PRC-M611,medium,policy,"List endpoints don't use their query schemas: pageSize uncapped, sortBy unvalidated (policy), no filter validation (plugin)",FULLY_CLOSED,"packages/backend/policy/src/routes.ts,schemas.ts",backend-policy routes.test.ts: 'GET /policies query validation (M611)' — pageSize 0/100000 and unknown sortBy => 400; valid => 200,List route now validates against PolicyListQuerySchema (pageSize 1..100 capped); sortBy/sortOrder are literal unions enforced by the validator.,p3d_auth_gateway
PRC-M630,medium,policy,Merged rules ignore priority across types and Object.assign is shallow; stale stricter values can be lost silently,OPEN,packages/backend/policy/src/policy-evaluation-engine.ts,n/a,"Not addressed: merge ignoring cross-type priority + shallow Object.assign losing stricter values needs a deep, priority-aware merge; deferred.",p3d_auth_gateway
PRC-M638,medium,workflow,"Escalation bypasses definition rules and is unsafe: stale timers, no FINAL/status handling, no lock, no chained schedule",OPEN,packages/backend/workflow/src/escalation-service.ts,n/a,Not addressed: escalation stale-timer/FINAL-status/lock/chained-schedule rework is substantial; deferred.,p3d_auth_gateway
PRC-L135,low,parent-portal,getActorId falls back to the shared literal 'anonymous' when the JWT has no sub,PARTIAL,packages/backend/parent-portal/src/routes.ts,n/a,Not changed this part: getActorId still returns 'anonymous' fallback; service guard already prevents data collision. Making a sub-less token a hard 401 at getActorId risks other routes; left PARTIAL.,p3d_auth_gateway
PRC-L139,low,registration,GET /language mints and stores a new Redis session on every request without a valid session (unauthenticated write amplification),OPEN,packages/backend/registration/src/routes.ts,n/a,Not addressed: GET /language mints a Redis session per request; stop persisting on GET + non-forgeable binding needs session-store/route change; deferred.,p3d_auth_gateway
PRC-L140,low,registration,Public institution/school endpoints load and filter every institution in JS per request; institutions route skips schema validation,OPEN,"packages/backend/registration/src/pg-registration-repository.ts,routes.ts",n/a,Not addressed: push institution filters/LIMIT into SQL + validate pageSize 1..200 needs pg repo rework + schema; deferred.,p3d_auth_gateway
PRC-L141,low,registration,No tests for concurrent seat/booking races or the guardian fee-bypass path; PG store tests are not evidence of transactional behaviour,OPEN,"packages/backend/registration/vitest.config.ts, pipeline tests",n/a,Not addressed: removing passWithNoTests and adding PG race/fee-bypass integration tests needs live DB; deferred.,p3d_auth_gateway
PRC-L142,low,registration,"Dev fallbacks and hacks: private field reach-through, separate in-memory stores per plugin, admin-role list includes 'principal'",OPEN,"packages/backend/registration/src/registration-plugin.ts,domain-plugins.ts,registration-access.ts",n/a,"Not addressed: share one pipeline store, remove private-field reach-through, source admin roles from rbac-registry; touches domain-plugins.ts (flagged for other parts). Deferred.",p3d_auth_gateway
PRC-L204,low,app-api-gateway,"Data-warehouse import job endpoint only inserts a QUEUED row: no validation, no consumer",PARTIAL,apps/api-gateway/src/insights-ui-plugin.ts,n/a,Not changed this part: NOT_CONNECTED/DEMO meta already returned instead of silent QUEUED; TypeBox 400 boundary + ETL consumer (or 501) not added. Left PARTIAL.,p3d_auth_gateway
PRC-L279,low,audit,Audit routes fall back to tenant 'default' when tenant context is missing,FULLY_CLOSED,packages/backend/audit/src/routes.ts,backend-audit routes.test.ts: 'tenant context required (L279)' — POST/GET without tenant => 400 TENANT_REQUIRED,getTenantId no longer falls back to 'default'; preHandler rejects missing tenant context on all audit routes.,p3d_auth_gateway
PRC-L280,low,audit,Audit routes carry no in-package authorization; POST /audit lets any caller of the mount write arbitrary evidence; tenant admins are locked out by gateway mapping,FULLY_CLOSED,packages/backend/audit/src/routes.ts,"backend-audit routes.test.ts: 'audit write authorization (L280)' — non-privileged POST=>403, read=>200, auditor POST=>201",In-package preHandler requires an audit/security/admin role for POST/PUT/DELETE; reads open to any authenticated tenant user. Defense-in-depth alongside gateway RBAC.,p3d_auth_gateway
PRC-L284,low,auth,"Dev secrets and localhost defaults in auth wiring (realm client secret, redirect/web origin fallbacks)",OPEN,"infra/keycloak, docker-compose.yml, apps/api-gateway/src/app.ts",n/a,Not addressed: production boot validation rejecting dev client secret / localhost redirect / web-origin defaults spans infra + gateway app.ts bootstrap; deferred (infra owned elsewhere).,p3d_auth_gateway
PRC-L397,low,workflow,"Route/service hygiene: unused schema exports, AssignmentService decorated but unused, standalone shutdown registered after listen",OPEN,packages/backend/workflow/src (hygiene),n/a,"Not addressed: unused schema exports / AssignmentService decorated-but-unused / standalone shutdown ordering are hygiene items; deferred (low value, no security impact).",p3d_auth_gateway
PRC-L444,low,auth,Refresh-token rotation is check-then-act; concurrent refreshes both succeed (token fork),FULLY_CLOSED,"packages/backend/auth/src/refresh-token-store.ts,packages/backend/auth/src/token-service.ts","backend-auth refresh-token-store.test.ts: 'rejects a second concurrent rotation (CAS, L444)' pass",revoke() uses updateMany WHERE token=hash AND revoked=false; count!==1 -> RefreshTokenRotationConflictError; token-service maps to InvalidRefreshTokenError (fail closed). Latent (local routes unmounted).,p3d_auth_gateway
PRC-L445,low,auth,"Local login: inactive/locked disclosed before password check, no timing equalisation, unvalidated body",OPEN,packages/backend/auth/src/routes.ts,n/a,"Not addressed: local-login state-disclosure-before-password, timing equalisation, schema validation; route is unmounted (latent). Deferred.",p3d_auth_gateway
PRC-L487,low,policy,Uninstall silently ignores invalid body; DELETE assignment doesn't validate ids or tie assignment to :id,FULLY_CLOSED,"packages/backend/policy/src/routes.ts,policy-service.ts","backend-policy routes.test.ts (non-UUID id=>400, assignment of different policy=>404) + policy-service.test.ts cross-policy NotFound",DELETE assignment validates both ids as UUID and removeAssignment verifies the assignment belongs to the :id policy via findAssignmentsByPolicy.,p3d_auth_gateway
PRC-L529,low,app-api-gateway,Workflow approval decision drops the approver and deletes the approval row; schema has nowhere to store the decision,PARTIAL,apps/api-gateway PgWorkflowUiStore (unmounted),n/a,"Shipped path (EngineBackedWorkflowUiStore) records actorId via WorkflowService.transition (now also atomic, see M457). The unmounted PgWorkflowUiStore.decideApproval fallback still lacks decided_by columns; not reworked as it is dead/unmounted.",p3d_auth_gateway
PRC-L578,low,policy,Plugin and policy services are not mounted anywhere and only have in-memory repositories; no DB tables,OPEN,"packages/backend/policy/src/policy-plugin.ts,index.ts",n/a,"Not addressed: plugin/policy services unmounted, in-memory only, no DB tables — mounting + persistence is a product/wiring decision; left OPEN (parked).",p3d_auth_gateway
PRC-L598,low,workflow,Cached repository decorator is unused and would cache 'not found'; no invalidation on create,OPEN,packages/backend/workflow/src/cached-workflow-repository.ts,n/a,Not addressed: the cached repo decorator is unused and would cache 'not found'; it is not wired in (the gateway uses the engine-backed store). Left OPEN; note the decorator now forwards the new updateInstance guard param so it stays correct if adopted.,p3d_auth_gateway
NEW-g4_apps_auth-002,medium,auth,Keycloak JWKS unknown-kid refresh has no timeout/cooldown/coalescing and clears the key map before rebuild (unauthenticated amplification + transient 401s),FULLY_CLOSED,packages/backend/auth/src/keycloak/verify.ts,backend-auth verify.test.ts JWKS hardening suite (5 tests) pass,Same root cause as M181; closed together.,p3d_auth_gateway
NEW-g4_apps_auth-003,medium,parent-portal,Client-supplied senderRole lets any authenticated portal user post messages as 'staff'/'system' and bypass the guardian-link check (still open after batches),FULLY_CLOSED,"packages/backend/parent-portal/src/parent-portal-messaging-access.ts,routes.ts,schemas.ts",message-sender-role.routes.test.ts (3 tests) pass,Same root cause as M314; closed together.,p3d_auth_gateway
NEW-g4_apps_auth-004,medium,auth,"Every Keycloak principal is granted ROOT area scope, so intra-tenant area/institution RBAC is a no-op (M179 confirmed still live)",PARTIAL,packages/backend/auth/src/keycloak/verify.ts (unchanged this part),n/a,"Institution scope IS already resolved per-user and fail-closed via resolveActiveInstitutionIds (G-805, institution-assignments.ts) — the practical intra-tenant boundary. The residual 'area=ROOT' no-op requires a NEW per-user area-assignment table + a change to the shared RBAC evaluator (packages/shared) that treats unscoped as satisfied — outside this part's package scope and a product/data-model decision. Left PARTIAL to avoid an unsafe broad fail-open->fail-closed flip in shared code.",p3d_auth_gateway
NEW-g7_platform-010,medium,workflow,Workflow transition is a read-modify-write with no lock or optimistic version,FULLY_CLOSED,packages/backend/workflow/src/workflow-service.ts + repos,transition-concurrency.test.ts (2 tests) pass,Same root cause as M457.,p3d_auth_gateway
NEW-g7_platform-012,medium,audit,"Hash-chain verifier accepts unchained 'legacy' rows, weakening tamper-evidence for direct inserts",FULLY_CLOSED,"packages/backend/audit/src/audit-hash.ts,pg-audit-repository.ts",audit-hash-chain.test.ts strict tests pass,Same root cause as M176.,p3d_auth_gateway
